Shipment_ID,Shipment_Date,Region,Transport_Mode,Priority,Distance_km,Shipment_Volume_kg,Warehouse_Processing_Hours,Traffic_Level,Weather_Condition,Delivery_Time_Hours
SHP-00001,2025-04-13,East,Road,Standard,706,359.13,4.2,Medium,Clear,21.72
SHP-00002,2025-12-15,West,Road,Standard,1163,364.65,4.04,Medium,Clear,27.29
SHP-00003,2025-09-28,North,Road,Standard,2037,160.42,3.71,Medium,Rain,48.3
SHP-00004,2025-04-17,North,Road,Standard,360,137.1,2.72,Medium,Clear,18.76
SHP-00005,2025-03-13,North,Road,Express,606,363.86,5.62,Medium,Clear,13.38
SHP-00006,2025-07-08,North,Road,Standard,2354,222.43,4.64,High,Rain,60.09
SHP-00007,2025-01-21,East,Air,Standard,2630,397.61,2.08,Medium,Rain,24.05
SHP-00008,2025-04-13,West,Rail,Standard,1606,135.46,2.64,Low,Clear,28.24
SHP-00009,2025-05-02,North,Road,Standard,101,173.93,1.23,High,Clear,17.1
SHP-00010,2025-08-03,North,Air,Standard,1411,415.91,2.29,Medium,Rain,12.97
SHP-00011,2025-11-27,South,Road,Standard,1244,164.87,1.36,High,Clear,34.71
SHP-00012,2025-03-29,West,Road,Standard,1698,20.0,5.72,Low,Clear,39.07
SHP-00013,2025-04-10,South,Air,Standard,2397,392.99,12.41,Low,Clear,21.97
SHP-00014,2025-12-26,South,Rail,Standard,721,300.68,1.28,High,Storm,25.36
SHP-00015,2025-06-01,North,Air,Express,827,164.76,2.83,Low,Clear,8.72
SHP-00016,2025-05-11,North,Road,Standard,881,692.21,2.53,High,Rain,32.5
SHP-00017,2025-05-30,West,Air,Standard,2329,96.96,0.5,High,Clear,17.39
SHP-00018,2025-11-05,West,Rail,Standard,1910,246.16,1.96,Medium,Clear,31.35
SHP-00019,2025-09-15,North,Rail,Express,1579,219.5,9.03,Low,Rain,34.37
SHP-00020,2025-12-10,West,Rail,Standard,2125,48.89,3.54,Medium,Storm,46.65
SHP-00021,2025-10-21,East,Sea,Standard,2022,195.18,2.87,High,Clear,69.57
SHP-00022,2025-07-11,West,Rail,Express,1124,509.73,1.38,Medium,Clear,26.76
SHP-00023,2025-10-04,South,Rail,Standard,1766,200.88,5.24,Medium,Storm,37.27
SHP-00024,2025-06-10,East,Sea,Standard,1333,190.49,2.23,Medium,Rain,42.39
SHP-00025,2025-11-10,South,Air,Standard,640,552.1,1.87,Low,Clear,7.17
SHP-00026,2025-01-22,East,Road,Standard,2882,78.54,4.92,High,Clear,68.34
SHP-00027,2025-09-10,North,Air,Standard,2717,469.3,2.85,High,Rain,19.73
SHP-00028,2025-08-24,North,Road,Express,2036,39.16,1.54,High,Rain,43.29
SHP-00029,2025-12-11,South,Road,Standard,2683,469.88,5.17,Medium,Storm,68.72
SHP-00030,2025-02-18,East,Rail,Express,1051,74.67,3.45,High,Clear,26.1
SHP-00031,2025-02-28,North,Sea,Standard,2281,123.56,5.21,Low,Clear,74.9
SHP-00032,2025-06-19,East,Sea,Express,1096,81.34,2.95,Medium,Clear,39.99
SHP-00033,2025-07-07,West,Road,Standard,2226,387.23,12.99,Medium,Clear,55.82
SHP-00034,2025-09-28,North,Rail,Standard,2388,245.87,0.83,High,Clear,42.97
SHP-00035,2025-07-09,East,Road,Standard,1905,406.74,12.1,High,Clear,56.75
SHP-00036,2025-06-24,South,Sea,Express,550,271.13,2.09,High,Clear,20.15
SHP-00037,2025-02-20,West,Sea,Standard,2283,174.06,0.87,High,Clear,69.01
SHP-00038,2025-12-30,North,Rail,Standard,528,363.01,3.67,High,Rain,20.54
SHP-00039,2025-02-24,East,Air,Standard,1644,285.86,6.41,Low,Rain,21.01
SHP-00040,2025-09-01,West,Air,Standard,2589,265.26,4.17,High,Clear,22.22
SHP-00041,2025-11-16,West,Rail,Standard,562,167.05,0.71,Medium,Clear,17.68
SHP-00042,2025-05-11,East,Road,Standard,2564,237.33,0.79,Medium,Clear,48.52
SHP-00043,2025-11-03,South,Rail,Standard,2382,194.59,0.94,Low,Rain,42.97
SHP-00044,2025-05-15,East,Air,Standard,650,180.9,1.95,Medium,Clear,12.86
SHP-00045,2025-01-21,West,Air,Standard,1490,263.03,1.07,Medium,Rain,10.41
SHP-00046,2025-11-25,East,Road,Standard,1173,954.63,2.63,Medium,Clear,34.32
SHP-00047,2025-06-16,North,Sea,Express,238,136.19,0.6,Medium,Clear,10.12
SHP-00048,2025-10-01,West,Road,Standard,1038,690.44,2.75,High,Rain,42.48
SHP-00049,2025-03-30,East,Rail,Standard,2987,378.31,4.03,High,Clear,49.73
SHP-00050,2025-11-12,East,Air,Standard,1931,203.31,6.4,Medium,Clear,22.65
SHP-00051,2025-01-14,North,Air,Express,437,92.57,3.63,Medium,Clear,6.14
SHP-00052,2025-08-30,East,Rail,Express,2338,62.76,7.26,Low,Clear,36.59
SHP-00053,2025-09-22,South,Road,Express,1855,164.3,3.63,Medium,Clear,38.62
SHP-00054,2025-12-12,East,Road,Standard,2083,231.95,1.21,Low,Clear,45.46
SHP-00055,2025-02-22,North,Rail,Standard,1804,498.97,2.44,High,Rain,42.46
SHP-00056,2025-12-06,East,Rail,Standard,2514,450.61,1.88,Medium,Rain,52.17
SHP-00057,2025-04-02,West,Road,Standard,2273,195.7,3.31,Low,Rain,55.17
SHP-00058,2025-09-21,North,Air,Standard,436,164.4,0.5,Medium,Clear,5.18
SHP-00059,2025-02-04,West,Rail,Express,1544,196.35,6.85,Medium,Clear,34.18
SHP-00060,2025-07-25,South,Air,Express,902,242.04,4.79,Medium,Clear,11.64
SHP-00061,2025-03-22,West,Air,Express,2760,132.2,3.12,Low,Clear,11.57
SHP-00062,2025-02-19,West,Road,Standard,501,268.19,12.59,High,Clear,27.62
SHP-00063,2025-12-26,East,Road,Standard,2374,252.09,8.98,Low,Storm,59.65
SHP-00064,2025-01-02,East,Air,Standard,1808,256.6,4.5,Low,Clear,15.4
SHP-00065,2025-02-23,West,Rail,Standard,262,605.0,3.21,Low,Storm,15.67
SHP-00066,2025-04-16,South,Air,Express,90,567.08,2.62,Medium,Clear,3.53
SHP-00067,2025-09-17,South,Air,Standard,1195,329.03,2.48,Low,Clear,12.77
SHP-00068,2025-11-06,East,Air,Standard,2391,305.2,1.83,Low,Clear,17.19
SHP-00069,2025-07-10,West,Sea,Standard,649,899.23,1.84,Medium,Clear,27.01
SHP-00070,2025-08-06,West,Rail,Standard,2074,20.0,3.0,Medium,Clear,42.31
SHP-00071,2025-02-13,West,Rail,Express,2638,461.73,6.11,Low,Rain,45.98
SHP-00072,2025-06-11,South,Road,Standard,2080,1043.12,2.97,Medium,Rain,49.2
SHP-00073,2025-07-21,West,Road,Express,1832,188.33,1.02,Medium,Rain,41.64
SHP-00074,2025-09-27,North,Rail,Standard,1901,303.66,2.53,Low,Clear,33.61
SHP-00075,2025-12-17,East,Road,Standard,2548,232.85,1.47,Medium,Storm,61.03
SHP-00076,2025-10-31,North,Sea,Express,1829,290.44,7.95,Low,Rain,54.59
SHP-00077,2025-09-28,South,Rail,Standard,2887,479.97,0.5,Low,Clear,47.39
SHP-00078,2025-08-03,South,Rail,Express,2431,652.98,3.18,Medium,Rain,38.11
SHP-00079,2025-09-09,South,Road,Standard,1954,202.0,1.36,Low,Clear,38.19
SHP-00080,2025-07-09,East,Road,Standard,2988,430.71,2.62,Low,Clear,58.43
SHP-00081,2025-10-23,South,Road,Standard,2141,468.15,3.15,Medium,Clear,45.36
SHP-00082,2025-08-01,South,Road,Express,193,192.66,5.41,High,Clear,12.71
SHP-00083,2025-07-27,North,Road,Standard,382,310.88,2.31,Medium,Clear,13.68
SHP-00084,2025-08-25,South,Rail,Express,1047,333.03,3.08,High,Clear,26.26
SHP-00085,2025-12-04,North,Sea,Standard,1469,53.04,6.88,High,Rain,58.88
SHP-00086,2025-02-22,North,Sea,Standard,104,355.49,6.87,High,Storm,17.95
SHP-00087,2025-10-07,East,Air,Standard,1380,37.0,10.73,High,Storm,28.95
SHP-00088,2025-08-05,East,Road,Standard,2967,406.62,1.55,Medium,Clear,63.67
SHP-00089,2025-09-09,East,Sea,Standard,1496,305.8,10.84,Medium,Clear,57.35
SHP-00090,2025-07-07,South,Sea,Express,1490,483.03,2.51,Low,Clear,47.0
SHP-00091,2025-02-10,South,Road,Standard,2894,20.0,7.8,Medium,Rain,67.57
SHP-00092,2025-06-06,West,Air,Standard,2422,494.65,5.26,High,Clear,24.35
SHP-00093,2025-01-15,East,Road,Standard,1783,462.77,2.22,Medium,Clear,37.05
SHP-00094,2025-10-28,South,Air,Standard,1744,697.62,9.52,Medium,Rain,21.77
SHP-00095,2025-03-06,North,Sea,Standard,129,58.13,7.28,Medium,Clear,19.76
SHP-00096,2025-12-11,South,Road,Standard,1034,381.21,1.17,Medium,Clear,31.0
SHP-00097,2025-11-23,South,Sea,Standard,2655,36.02,2.35,Medium,Rain,88.73
SHP-00098,2025-01-09,South,Rail,Standard,914,368.35,4.82,Medium,Clear,25.34
SHP-00099,2025-12-10,East,Sea,Standard,2814,517.35,1.01,Medium,Clear,93.9
SHP-00100,2025-05-09,East,Rail,Standard,1637,129.79,2.92,Medium,Clear,38.52
SHP-00101,2025-05-16,East,Air,Standard,521,199.36,6.11,High,Clear,16.23
SHP-00102,2025-03-04,West,Road,Standard,2171,247.75,2.92,High,Clear,48.43
SHP-00103,2025-05-19,West,Road,Standard,1626,61.01,3.63,Low,Rain,38.37
SHP-00104,2025-03-22,East,Road,Express,1552,350.63,5.82,High,Clear,49.4
SHP-00105,2025-06-12,West,Sea,Express,638,38.77,4.18,Medium,Rain,22.01
SHP-00106,2025-10-16,North,Air,Express,1460,206.38,2.9,Medium,Clear,8.94
SHP-00107,2025-09-18,North,Sea,Standard,1955,712.1,7.72,Medium,Clear,64.48
SHP-00108,2025-08-19,North,Sea,Express,613,279.85,3.39,Medium,Rain,25.85
SHP-00109,2025-02-10,East,Road,Express,516,78.85,3.15,Low,Rain,12.75
SHP-00110,2025-01-28,West,Road,Express,648,102.14,7.63,Medium,Clear,20.63
SHP-00111,2025-05-15,North,Road,Standard,1694,50.98,4.29,Medium,Storm,40.24
SHP-00112,2025-07-20,West,Road,Standard,1041,370.21,1.4,Medium,Clear,28.69
SHP-00113,2025-11-24,North,Road,Express,1982,80.79,1.54,Medium,Clear,43.98
SHP-00114,2025-09-25,West,Rail,Standard,2834,434.7,1.87,Medium,Rain,49.69
SHP-00115,2025-02-02,South,Road,Standard,2345,275.14,5.99,Medium,Clear,53.64
SHP-00116,2025-02-17,North,Road,Standard,1654,35.87,5.59,High,Clear,42.83
SHP-00117,2025-03-03,South,Road,Standard,116,39.02,3.59,Medium,Clear,11.9
SHP-00118,2025-08-04,North,Road,Standard,2670,113.49,1.55,Low,Clear,54.26
SHP-00119,2025-10-20,South,Sea,Standard,2800,213.52,2.46,Medium,Clear,90.97
SHP-00120,2025-04-09,South,Air,Standard,519,538.48,7.16,Medium,Clear,18.11
SHP-00121,2025-06-21,West,Sea,Standard,2590,336.98,2.85,Medium,Clear,80.5
SHP-00122,2025-12-26,East,Road,Standard,1774,388.48,2.77,Low,Clear,39.49
SHP-00123,2025-08-02,South,Road,Standard,2760,193.47,1.98,Medium,Clear,61.16
SHP-00124,2025-02-04,East,Air,Standard,2383,51.6,6.11,High,Clear,18.34
SHP-00125,2025-08-15,East,Road,Standard,1681,360.96,1.77,Medium,Clear,33.52
SHP-00126,2025-04-11,South,Road,Express,2409,259.25,5.12,Medium,Storm,58.21
SHP-00127,2025-05-11,South,Road,Standard,2406,155.88,2.24,High,Rain,58.65
SHP-00128,2025-09-14,North,Road,Standard,824,253.06,4.51,High,Rain,27.58
SHP-00129,2025-01-05,North,Road,Standard,1186,136.51,3.82,Medium,Clear,28.9
SHP-00130,2025-08-06,East,Road,Express,2061,139.07,3.04,Medium,Clear,41.68
SHP-00131,2025-09-12,North,Air,Standard,2553,323.23,2.52,High,Clear,17.28
SHP-00132,2025-12-25,East,Road,Standard,1536,348.88,4.08,Medium,Rain,42.59
SHP-00133,2025-10-10,East,Road,Standard,181,51.63,3.79,Low,Clear,8.17
SHP-00134,2025-07-26,North,Air,Standard,979,202.65,2.06,Low,Rain,10.82
SHP-00135,2025-01-15,East,Road,Express,978,168.48,6.55,Medium,Storm,30.23
SHP-00136,2025-12-12,North,Road,Express,2218,629.03,5.67,High,Clear,47.16
SHP-00137,2025-02-11,West,Sea,Standard,1270,421.44,1.58,Low,Clear,45.51
SHP-00138,2025-06-28,South,Road,Standard,1555,389.81,1.73,Low,Clear,33.6
SHP-00139,2025-03-04,West,Road,Standard,683,150.42,0.66,High,Clear,23.0
SHP-00140,2025-12-18,East,Rail,Standard,2994,94.89,5.33,High,Clear,52.39
SHP-00141,2025-08-19,North,Road,Standard,2869,129.11,2.6,Low,Rain,58.58
SHP-00142,2025-08-29,East,Rail,Standard,1112,512.98,3.2,Medium,Clear,28.32
SHP-00143,2025-02-21,West,Air,Standard,2663,86.86,1.68,Medium,Clear,24.33
SHP-00144,2025-04-06,East,Road,Standard,2609,795.03,3.2,Medium,Clear,52.1
SHP-00145,2025-08-10,West,Rail,Express,1234,265.37,3.94,High,Storm,32.68
SHP-00146,2025-08-19,West,Rail,Standard,338,759.56,1.12,Low,Rain,14.84
SHP-00147,2025-08-25,North,Road,Express,2297,520.28,3.88,Low,Storm,51.11
SHP-00148,2025-05-23,North,Rail,Express,1861,37.9,3.75,Low,Storm,39.5
SHP-00149,2025-06-20,East,Road,Standard,577,138.45,7.41,Low,Clear,19.16
SHP-00150,2025-01-29,South,Rail,Express,966,324.01,4.04,Low,Clear,19.78
SHP-00151,2025-02-05,West,Road,Standard,1758,155.2,1.54,Low,Clear,36.59
SHP-00152,2025-01-13,West,Rail,Standard,1456,374.22,1.65,High,Clear,35.56
SHP-00153,2025-06-09,South,Road,Standard,1291,1016.05,3.71,Low,Rain,32.75
SHP-00154,2025-11-23,North,Air,Express,1160,701.37,2.55,High,Clear,11.78
SHP-00155,2025-07-06,West,Road,Standard,848,154.25,5.07,Medium,Clear,28.59
SHP-00156,2025-08-31,South,Road,Standard,1573,834.42,1.08,Medium,Clear,34.08
SHP-00157,2025-03-27,West,Rail,Express,61,174.55,5.47,Low,Clear,7.24
SHP-00158,2025-10-11,South,Air,Standard,882,226.99,3.63,Low,Rain,7.54
SHP-00159,2025-03-07,East,Rail,Standard,2938,341.55,7.53,Medium,Clear,51.87
SHP-00160,2025-06-19,North,Air,Express,2740,268.68,2.98,Medium,Rain,17.92
SHP-00161,2025-02-14,East,Air,Express,1291,677.79,1.59,High,Clear,10.54
SHP-00162,2025-03-03,South,Sea,Express,1722,791.61,1.47,High,Clear,56.36
SHP-00163,2025-05-14,East,Road,Express,2203,375.57,4.04,Medium,Rain,51.13
SHP-00164,2025-10-11,North,Rail,Standard,740,71.01,1.24,Medium,Storm,21.87
SHP-00165,2025-01-28,East,Air,Express,577,687.21,10.78,High,Clear,20.51
SHP-00166,2025-04-18,West,Sea,Standard,1545,701.36,2.9,Medium,Clear,54.32
SHP-00167,2025-02-13,North,Sea,Standard,2943,258.13,8.03,High,Clear,100.8
SHP-00168,2025-12-06,North,Road,Standard,942,53.43,0.83,High,Clear,30.55
SHP-00169,2025-10-13,North,Road,Standard,436,51.11,0.5,Low,Rain,15.84
SHP-00170,2025-11-27,East,Rail,Express,1299,93.07,1.88,Medium,Clear,28.72
SHP-00171,2025-05-08,East,Air,Express,2578,241.12,4.2,Medium,Rain,20.84
SHP-00172,2025-12-14,East,Rail,Standard,1827,665.8,3.49,Medium,Rain,37.15
SHP-00173,2025-08-19,North,Rail,Standard,457,489.11,2.1,Medium,Clear,18.72
SHP-00174,2025-07-09,South,Air,Standard,1726,542.9,4.16,High,Clear,19.98
SHP-00175,2025-08-13,East,Road,Express,947,376.6,2.71,Low,Clear,21.13
SHP-00176,2025-10-10,South,Sea,Express,760,303.72,1.28,Low,Clear,25.97
SHP-00177,2025-05-01,West,Road,Standard,2736,297.55,8.77,Low,Clear,64.91
SHP-00178,2025-04-26,North,Road,Standard,1732,105.18,0.5,Medium,Clear,39.39
SHP-00179,2025-08-21,East,Rail,Standard,2912,111.83,3.83,Medium,Rain,59.11
SHP-00180,2025-09-16,South,Air,Standard,967,210.77,3.35,Medium,Clear,15.81
SHP-00181,2025-12-25,South,Road,Express,2300,185.26,3.4,Medium,Rain,51.72
SHP-00182,2025-07-17,East,Road,Standard,466,298.29,6.2,Low,Clear,15.99
SHP-00183,2025-05-17,East,Sea,Standard,465,578.8,1.44,Low,Rain,22.19
SHP-00184,2025-11-14,West,Road,Standard,1521,111.61,1.38,Medium,Storm,41.37
SHP-00185,2025-06-14,North,Rail,Standard,1585,205.16,6.21,Medium,Clear,35.7
SHP-00186,2025-08-13,North,Rail,Express,134,458.39,4.78,Medium,Rain,13.1
SHP-00187,2025-11-03,East,Rail,Standard,216,449.73,7.75,High,Clear,20.08
SHP-00188,2025-08-22,East,Rail,Standard,2481,328.8,2.81,High,Rain,50.4
SHP-00189,2025-06-21,South,Road,Standard,2565,321.13,2.75,Low,Rain,58.34
SHP-00190,2025-06-01,North,Rail,Standard,1145,257.84,5.81,Medium,Clear,24.53
SHP-00191,2025-11-11,North,Road,Standard,859,283.01,7.08,Medium,Clear,32.44
SHP-00192,2025-06-09,West,Air,Express,1594,841.49,1.29,High,Clear,7.7
SHP-00193,2025-04-06,North,Road,Standard,1866,84.97,10.42,High,Clear,55.24
SHP-00194,2025-08-21,South,Rail,Standard,2570,243.05,2.34,Low,Storm,49.7
SHP-00195,2025-06-29,North,Road,Standard,1042,125.06,3.81,Low,Rain,31.5
SHP-00196,2025-04-23,South,Road,Standard,1331,422.89,4.73,Medium,Clear,35.97
SHP-00197,2025-11-14,North,Road,Standard,324,273.99,6.31,Medium,Rain,20.07
SHP-00198,2025-02-21,East,Road,Standard,1823,189.41,5.22,Medium,Rain,48.01
SHP-00199,2025-09-25,North,Air,Express,2587,231.04,3.46,Low,Clear,15.49
SHP-00200,2025-10-22,West,Road,Express,1806,433.08,5.19,Medium,Clear,39.69
SHP-00201,2025-04-23,North,Sea,Standard,2423,215.14,2.53,Low,Clear,79.05
SHP-00202,2025-04-11,East,Sea,Standard,2626,391.28,2.19,Low,Rain,81.5
SHP-00203,2025-04-23,West,Rail,Standard,941,213.03,3.38,Low,Rain,23.08
SHP-00204,2025-03-22,East,Road,Standard,138,692.21,6.86,Medium,Clear,18.2
SHP-00205,2025-07-06,East,Road,Express,2583,682.4,4.66,Medium,Clear,58.47
SHP-00206,2025-04-23,South,Air,Standard,757,188.62,2.38,Medium,Rain,14.47
SHP-00207,2025-01-02,South,Road,Standard,2447,241.08,3.1,Low,Storm,57.0
SHP-00208,2025-05-10,East,Road,Express,436,110.29,5.99,Low,Rain,19.78
SHP-00209,2025-08-08,West,Rail,Express,2184,492.25,3.93,Low,Clear,34.68
SHP-00210,2025-02-23,East,Air,Standard,2404,487.36,3.62,Medium,Clear,23.71
SHP-00211,2025-12-09,East,Air,Standard,1923,238.7,3.67,Low,Clear,14.77
SHP-00212,2025-08-12,East,Road,Standard,1227,430.45,1.35,Medium,Clear,26.35
SHP-00213,2025-08-13,South,Air,Standard,489,216.03,0.71,Low,Rain,5.9
SHP-00214,2025-05-06,North,Road,Express,2837,231.22,6.43,Low,Clear,58.38
SHP-00215,2025-05-10,East,Road,Express,2361,475.05,3.36,Low,Rain,51.08
SHP-00216,2025-02-22,West,Sea,Express,1026,133.07,3.74,Low,Clear,40.03
SHP-00217,2025-06-21,North,Road,Standard,784,341.74,2.44,Medium,Rain,21.48
SHP-00218,2025-08-06,East,Road,Express,2518,151.38,7.83,Medium,Clear,56.0
SHP-00219,2025-06-09,North,Road,Standard,2590,791.3,2.29,High,Clear,55.82
SHP-00220,2025-07-17,East,Sea,Standard,682,255.9,2.7,Low,Clear,25.92
SHP-00221,2025-09-04,North,Air,Standard,1042,235.3,6.35,Low,Clear,18.14
SHP-00222,2025-11-20,South,Rail,Standard,2508,226.41,2.34,Medium,Storm,47.01
SHP-00223,2025-07-22,East,Air,Express,222,104.07,3.77,High,Clear,12.48
SHP-00224,2025-07-03,South,Road,Standard,53,93.44,1.14,Medium,Clear,9.64
SHP-00225,2025-05-03,East,Rail,Standard,2951,607.19,1.7,Medium,Rain,53.27
SHP-00226,2025-09-12,West,Road,Standard,1713,127.19,0.99,Medium,Rain,41.94
SHP-00227,2025-10-21,West,Road,Standard,2065,175.16,3.47,Low,Clear,41.73
SHP-00228,2025-10-07,North,Rail,Standard,1545,249.21,3.63,High,Storm,45.14
SHP-00229,2025-11-21,South,Sea,Standard,1110,258.58,3.77,Medium,Clear,47.2
SHP-00230,2025-04-08,North,Road,Express,2680,275.17,2.76,High,Clear,57.35
SHP-00231,2025-07-17,West,Road,Standard,1104,389.99,2.87,Medium,Clear,36.38
SHP-00232,2025-08-28,West,Road,Standard,430,608.73,2.04,Medium,Clear,15.36
SHP-00233,2025-05-24,East,Road,Standard,1341,254.57,2.52,Low,Clear,33.35
SHP-00234,2025-04-07,West,Sea,Express,2441,59.92,1.19,Medium,Clear,78.32
SHP-00235,2025-07-20,East,Rail,Standard,1642,370.07,4.16,Low,Clear,31.26
SHP-00236,2025-05-04,East,Rail,Standard,215,258.97,5.38,Medium,Rain,12.35
SHP-00237,2025-07-06,North,Air,Standard,2797,197.58,2.94,Medium,Clear,12.99
SHP-00238,2025-11-22,East,Road,Standard,2439,169.24,2.88,High,Storm,68.94
SHP-00239,2025-12-15,North,Rail,Standard,1092,677.93,3.48,Medium,Rain,25.64
SHP-00240,2025-09-16,West,Road,Express,1701,248.91,7.7,Medium,Clear,39.82
SHP-00241,2025-05-28,West,Rail,Standard,1257,133.09,3.11,Low,Clear,21.95
SHP-00242,2025-09-09,East,Sea,Standard,594,345.92,3.29,Medium,Clear,29.8
SHP-00243,2025-12-12,North,Air,Express,2289,562.12,12.84,Low,Rain,19.26
SHP-00244,2025-05-27,South,Road,Standard,2417,109.54,2.81,Medium,Clear,51.24
SHP-00245,2025-05-28,North,Air,Standard,2677,602.09,4.09,High,Clear,22.79
SHP-00246,2025-12-18,South,Road,Standard,2572,79.75,3.98,Low,Storm,57.68
SHP-00247,2025-07-18,North,Road,Standard,2734,293.93,2.56,Low,Clear,56.03
SHP-00248,2025-11-04,West,Road,Standard,2524,438.87,4.26,Medium,Clear,60.25
SHP-00249,2025-05-08,East,Road,Standard,146,148.74,1.05,High,Clear,14.95
SHP-00250,2025-02-08,South,Rail,Express,2593,94.07,2.87,Medium,Rain,45.23
SHP-00251,2025-12-04,South,Rail,Express,2758,187.62,1.67,Low,Rain,45.58
SHP-00252,2025-12-26,South,Sea,Standard,1351,626.04,4.33,High,Clear,51.12
SHP-00253,2025-05-09,East,Rail,Standard,2106,356.85,0.91,High,Clear,47.29
SHP-00254,2025-09-24,East,Rail,Standard,506,83.76,4.93,Low,Rain,16.12
SHP-00255,2025-05-31,West,Road,Express,1868,792.18,0.5,High,Rain,44.46
SHP-00256,2025-10-25,South,Road,Standard,322,171.97,4.16,Medium,Rain,18.08
SHP-00257,2025-04-09,West,Rail,Standard,1081,315.43,1.46,Medium,Clear,26.34
SHP-00258,2025-09-20,West,Road,Express,257,440.51,2.11,Medium,Storm,19.53
SHP-00259,2025-09-09,North,Air,Express,1987,426.04,2.77,High,Clear,15.24
SHP-00260,2025-05-24,West,Road,Express,1710,186.83,8.04,Medium,Clear,41.57
SHP-00261,2025-12-12,North,Road,Standard,1196,349.88,1.45,Low,Rain,30.84
SHP-00262,2025-04-22,West,Road,Express,1106,333.13,3.19,High,Clear,22.48
SHP-00263,2025-03-01,South,Road,Express,1586,282.22,6.71,Low,Rain,33.53
SHP-00264,2025-01-02,West,Road,Standard,253,786.72,3.29,Medium,Clear,12.73
SHP-00265,2025-10-31,West,Air,Standard,2615,148.41,4.56,Medium,Rain,18.97
SHP-00266,2025-09-11,West,Road,Standard,1882,117.38,6.15,Low,Clear,40.21
SHP-00267,2025-05-20,West,Rail,Express,2614,358.07,2.07,Low,Rain,45.48
SHP-00268,2025-02-06,South,Road,Standard,492,364.48,2.26,High,Clear,20.69
SHP-00269,2025-06-09,North,Road,Standard,738,418.42,1.43,Medium,Clear,20.47
SHP-00270,2025-01-09,South,Road,Standard,2947,99.03,6.76,Medium,Rain,63.53
SHP-00271,2025-08-21,North,Air,Express,882,382.6,8.8,Medium,Clear,12.98
SHP-00272,2025-04-09,East,Road,Standard,2436,47.73,1.13,Medium,Clear,44.33
SHP-00273,2025-05-27,South,Air,Standard,1511,196.89,3.87,Medium,Clear,14.25
SHP-00274,2025-10-31,West,Road,Standard,1209,129.9,2.09,Low,Rain,30.73
SHP-00275,2025-07-27,East,Air,Express,436,597.0,2.18,Medium,Clear,8.71
SHP-00276,2025-05-11,West,Road,Standard,2091,115.71,4.72,High,Clear,46.34
SHP-00277,2025-06-01,North,Air,Standard,2603,345.81,3.37,Medium,Clear,18.4
SHP-00278,2025-02-23,West,Rail,Express,1398,44.7,4.45,Low,Storm,28.05
SHP-00279,2025-04-30,West,Sea,Standard,1768,67.44,8.65,High,Clear,63.97
SHP-00280,2025-06-10,South,Road,Express,729,165.11,4.0,High,Clear,25.16
SHP-00281,2025-04-26,East,Road,Standard,739,83.31,4.83,Low,Rain,30.73
SHP-00282,2025-03-16,West,Road,Standard,2982,248.06,6.0,High,Rain,70.54
SHP-00283,2025-04-23,North,Air,Standard,1618,228.44,1.94,Medium,Clear,10.74
SHP-00284,2025-04-14,South,Rail,Standard,2720,106.01,5.12,Low,Storm,54.42
SHP-00285,2025-12-06,South,Air,Standard,1219,280.17,2.14,Low,Clear,13.91
SHP-00286,2025-09-11,North,Road,Standard,942,47.72,1.22,Medium,Clear,25.98
SHP-00287,2025-08-15,South,Road,Express,1002,884.25,4.22,High,Clear,37.44
SHP-00288,2025-04-22,North,Road,Standard,1304,556.41,1.34,Low,Rain,29.9
SHP-00289,2025-04-09,North,Sea,Standard,833,134.78,3.38,Low,Clear,31.79
SHP-00290,2025-06-02,North,Air,Standard,2096,451.49,2.88,Medium,Clear,20.47
SHP-00291,2025-12-15,West,Sea,Express,1921,321.05,7.33,Medium,Clear,68.62
SHP-00292,2025-12-04,East,Road,Standard,544,322.59,1.33,Low,Rain,13.02
SHP-00293,2025-07-13,West,Rail,Standard,796,102.63,4.01,Low,Clear,19.32
SHP-00294,2025-11-06,South,Air,Standard,2534,99.21,1.8,Medium,Clear,20.9
SHP-00295,2025-06-12,South,Road,Standard,1904,124.09,0.91,High,Clear,53.66
SHP-00296,2025-07-27,South,Air,Standard,2442,351.2,0.56,Medium,Rain,19.7
SHP-00297,2025-06-18,South,Sea,Express,2647,168.87,1.37,Medium,Rain,81.31
SHP-00298,2025-06-10,North,Sea,Standard,2917,108.26,1.32,Medium,Clear,87.47
SHP-00299,2025-03-09,East,Air,Express,2638,518.84,0.59,Medium,Rain,22.67
SHP-00300,2025-10-16,North,Road,Standard,2241,104.05,5.56,High,Clear,56.26
SHP-00301,2025-10-04,East,Road,Standard,2685,312.36,6.48,High,Rain,63.6
SHP-00302,2025-10-31,East,Sea,Express,706,139.68,1.88,Low,Clear,23.68
SHP-00303,2025-05-15,North,Road,Standard,1932,69.1,2.39,Medium,Clear,43.95
SHP-00304,2025-07-14,North,Air,Express,2442,551.12,2.74,Medium,Storm,21.65
SHP-00305,2025-05-08,West,Air,Standard,2793,94.03,6.0,Medium,Storm,23.55
SHP-00306,2025-02-02,South,Rail,Express,1846,574.98,6.07,Medium,Clear,33.44
SHP-00307,2025-06-25,North,Sea,Standard,317,232.75,3.97,High,Clear,16.42
SHP-00308,2025-01-22,West,Road,Standard,2266,247.42,3.88,High,Clear,56.9
SHP-00309,2025-08-26,North,Road,Standard,1812,438.5,2.24,Medium,Rain,42.26
SHP-00310,2025-06-07,East,Road,Standard,2130,390.62,0.57,High,Clear,51.14
SHP-00311,2025-02-07,West,Road,Standard,426,309.99,2.67,High,Clear,23.78
SHP-00312,2025-08-18,North,Road,Standard,1635,184.14,6.73,High,Clear,44.71
SHP-00313,2025-12-31,North,Road,Standard,1513,370.88,2.01,High,Storm,44.23
SHP-00314,2025-02-20,North,Air,Standard,2490,421.17,2.5,Low,Clear,15.89
SHP-00315,2025-09-21,South,Sea,Express,538,61.0,5.25,Low,Clear,21.59
SHP-00316,2025-10-10,North,Road,Standard,771,246.69,2.43,High,Clear,28.95
SHP-00317,2025-01-27,East,Road,Standard,995,21.29,2.74,High,Clear,31.11
SHP-00318,2025-08-14,North,Sea,Standard,2136,340.94,5.33,High,Clear,72.9
SHP-00319,2025-10-04,South,Road,Standard,1685,97.62,0.56,Low,Storm,45.35
SHP-00320,2025-10-13,West,Road,Standard,1090,355.77,1.3,Medium,Rain,33.32
SHP-00321,2025-04-07,West,Road,Standard,2323,227.3,9.32,Low,Clear,50.35
SHP-00322,2025-10-11,East,Rail,Express,2164,320.46,5.3,Medium,Rain,45.97
SHP-00323,2025-11-13,South,Road,Express,1727,670.5,5.75,Low,Clear,39.81
SHP-00324,2025-10-31,East,Sea,Standard,2932,118.55,3.9,Low,Clear,93.22
SHP-00325,2025-05-27,East,Road,Standard,1048,229.27,4.22,Low,Storm,37.08
SHP-00326,2025-01-04,South,Rail,Standard,1827,272.18,2.06,Medium,Clear,32.85
SHP-00327,2025-02-04,North,Road,Standard,2334,84.14,10.5,Medium,Clear,59.3
SHP-00328,2025-07-11,West,Rail,Standard,1006,446.52,2.66,Low,Storm,26.71
SHP-00329,2025-02-18,South,Air,Standard,1639,611.72,5.86,Medium,Clear,12.85
SHP-00330,2025-01-17,North,Air,Standard,1211,287.53,2.31,Low,Rain,9.71
SHP-00331,2025-06-21,South,Air,Standard,2570,717.78,2.01,High,Storm,28.35
SHP-00332,2025-08-08,South,Rail,Standard,1918,368.16,3.18,Medium,Clear,34.0
SHP-00333,2025-06-07,West,Sea,Express,602,270.98,3.92,Medium,Clear,28.68
SHP-00334,2025-02-15,East,Air,Standard,1683,460.99,6.99,High,Clear,25.11
SHP-00335,2025-01-06,West,Air,Express,744,225.62,14.5,Medium,Clear,20.99
SHP-00336,2025-04-09,North,Road,Express,366,211.11,1.58,Medium,Clear,11.53
SHP-00337,2025-08-21,South,Road,Standard,2695,363.04,4.92,Medium,Rain,62.51
SHP-00338,2025-02-06,South,Road,Standard,817,809.98,3.42,High,Clear,24.55
SHP-00339,2025-10-07,North,Air,Standard,2983,116.11,0.7,Low,Clear,18.13
SHP-00340,2025-12-15,North,Road,Express,2658,81.47,7.95,High,Clear,61.55
SHP-00341,2025-10-29,West,Road,Express,2021,314.86,2.45,High,Clear,47.06
SHP-00342,2025-06-30,North,Sea,Standard,2355,30.34,2.35,Medium,Rain,82.16
SHP-00343,2025-04-05,East,Sea,Standard,1553,180.91,7.95,Medium,Clear,55.79
SHP-00344,2025-04-09,North,Sea,Express,2854,236.85,3.11,Medium,Rain,88.85
SHP-00345,2025-07-07,North,Road,Standard,172,161.89,6.55,Low,Clear,13.76
SHP-00346,2025-04-26,North,Air,Express,2439,582.84,2.74,Low,Clear,9.75
SHP-00347,2025-07-10,West,Road,Express,1918,559.45,4.49,High,Clear,44.82
SHP-00348,2025-09-10,West,Road,Standard,1721,771.76,2.97,Medium,Clear,42.45
SHP-00349,2025-06-10,West,Road,Standard,1132,251.02,1.78,Medium,Clear,27.62
SHP-00350,2025-09-13,South,Road,Standard,1778,281.59,4.58,High,Clear,49.61
SHP-00351,2025-11-19,North,Road,Standard,2357,168.76,5.26,Medium,Storm,54.52
SHP-00352,2025-05-08,East,Air,Standard,2046,510.8,3.25,Low,Clear,18.89
SHP-00353,2025-01-18,South,Road,Express,2192,60.04,0.57,Medium,Storm,51.86
SHP-00354,2025-10-08,West,Air,Express,1198,184.25,1.33,Medium,Clear,6.86
SHP-00355,2025-08-11,North,Rail,Express,2138,522.25,2.22,Low,Clear,31.72
SHP-00356,2025-02-23,South,Road,Standard,1964,218.59,7.57,High,Clear,44.97
SHP-00357,2025-02-27,North,Rail,Express,303,160.83,3.13,Low,Clear,6.03
SHP-00358,2025-11-19,South,Road,Express,56,135.34,7.49,Medium,Rain,15.48
SHP-00359,2025-12-26,East,Rail,Standard,2825,115.83,6.07,Low,Clear,50.42
SHP-00360,2025-06-23,South,Road,Standard,2166,162.49,2.35,Medium,Clear,51.38
SHP-00361,2025-10-07,South,Road,Standard,591,340.21,3.71,Medium,Clear,18.68
SHP-00362,2025-04-24,South,Road,Express,138,251.94,5.34,Medium,Clear,12.51
SHP-00363,2025-10-15,South,Rail,Standard,1988,608.49,1.85,High,Rain,40.05
SHP-00364,2025-12-08,West,Sea,Express,262,62.6,5.09,Low,Clear,10.3
SHP-00365,2025-05-31,West,Road,Standard,2931,144.83,4.71,High,Rain,68.02
SHP-00366,2025-05-07,West,Air,Express,315,84.66,1.77,Medium,Clear,3.81
SHP-00367,2025-06-04,West,Air,Standard,2390,133.83,4.43,High,Storm,22.16
SHP-00368,2025-09-30,South,Sea,Standard,1280,149.54,3.03,Medium,Rain,47.02
SHP-00369,2025-04-14,East,Air,Standard,2430,344.06,1.1,Low,Clear,15.26
SHP-00370,2025-10-26,South,Rail,Standard,1054,375.91,2.22,Low,Clear,26.09
SHP-00371,2025-09-03,North,Air,Express,2144,356.78,2.17,High,Storm,24.12
SHP-00372,2025-06-25,West,Sea,Standard,671,437.62,8.39,High,Clear,39.08
SHP-00373,2025-02-08,North,Road,Standard,476,483.12,1.35,Medium,Rain,20.55
SHP-00374,2025-06-19,West,Road,Standard,259,325.45,2.01,Medium,Clear,14.0
SHP-00375,2025-09-04,South,Road,Standard,937,416.27,4.17,Medium,Clear,23.6
SHP-00376,2025-01-26,East,Air,Standard,1493,200.95,3.37,High,Rain,20.26
SHP-00377,2025-12-21,East,Air,Standard,203,74.25,2.83,High,Clear,14.7
SHP-00378,2025-11-02,West,Road,Express,464,141.57,2.8,High,Clear,21.42
SHP-00379,2025-01-13,East,Rail,Standard,1230,596.81,5.78,High,Clear,34.86
SHP-00380,2025-11-12,East,Rail,Express,1334,96.48,1.8,High,Clear,31.27
SHP-00381,2025-11-09,North,Road,Express,818,183.65,1.43,Low,Rain,16.62
SHP-00382,2025-02-05,East,Sea,Standard,1032,82.03,0.56,High,Storm,45.05
SHP-00383,2025-06-22,North,Road,Standard,1561,455.83,2.31,Medium,Rain,40.09
SHP-00384,2025-01-20,East,Road,Standard,628,234.93,1.16,High,Clear,26.12
SHP-00385,2025-11-17,East,Rail,Express,2837,187.07,2.61,Medium,Clear,46.33
SHP-00386,2025-09-21,East,Air,Express,2260,31.17,0.74,Low,Rain,12.39
SHP-00387,2025-05-22,North,Road,Standard,1088,244.79,2.58,Medium,Clear,30.15
SHP-00388,2025-05-23,North,Air,Express,2292,494.43,3.96,Medium,Clear,10.97
SHP-00389,2025-04-02,East,Rail,Standard,591,382.05,3.15,Low,Storm,27.7
SHP-00390,2025-12-20,North,Road,Express,408,145.39,4.82,Medium,Clear,11.61
SHP-00391,2025-11-18,North,Road,Express,899,114.72,6.42,Medium,Clear,18.58
SHP-00392,2025-10-15,North,Rail,Standard,476,262.51,3.89,Medium,Clear,16.14
SHP-00393,2025-08-03,West,Road,Standard,2594,59.12,3.2,Medium,Clear,61.05
SHP-00394,2025-12-08,East,Sea,Standard,2925,350.06,4.25,Low,Clear,94.54
SHP-00395,2025-02-20,South,Air,Standard,535,90.9,3.98,High,Storm,22.66
SHP-00396,2025-06-02,South,Sea,Express,1881,119.67,5.37,High,Clear,64.57
SHP-00397,2025-07-05,South,Road,Standard,1522,116.66,3.35,Low,Clear,34.9
SHP-00398,2025-03-04,West,Sea,Standard,1486,392.36,1.25,High,Rain,50.65
SHP-00399,2025-07-09,East,Road,Standard,379,108.04,6.23,Medium,Clear,11.95
SHP-00400,2025-05-05,North,Road,Express,1805,118.22,0.78,Low,Clear,35.67
SHP-00401,2025-05-30,North,Road,Standard,2986,633.33,5.09,Medium,Clear,69.0
SHP-00402,2025-11-10,North,Road,Standard,1220,366.46,4.19,Medium,Rain,34.91
SHP-00403,2025-02-27,East,Air,Standard,308,262.31,4.26,Medium,Clear,13.49
SHP-00404,2025-12-08,West,Rail,Express,2389,260.95,3.41,High,Clear,48.13
SHP-00405,2025-11-01,North,Road,Express,192,29.53,1.95,Medium,Clear,8.98
SHP-00406,2025-06-29,North,Rail,Standard,2066,283.63,3.01,Low,Clear,36.33
SHP-00407,2025-06-19,North,Road,Standard,2844,553.69,6.78,High,Clear,64.17
SHP-00408,2025-11-22,West,Rail,Standard,676,118.11,4.35,Low,Rain,25.96
SHP-00409,2025-09-28,South,Road,Standard,1438,30.18,4.38,Medium,Clear,37.56
SHP-00410,2025-02-23,West,Air,Standard,139,87.55,6.89,Low,Rain,9.73
SHP-00411,2025-04-11,East,Air,Express,769,60.24,7.38,Medium,Clear,8.68
SHP-00412,2025-09-21,South,Rail,Standard,530,298.8,5.24,Medium,Clear,22.21
SHP-00413,2025-02-22,North,Road,Express,2181,358.88,9.94,Low,Clear,46.04
SHP-00414,2025-03-01,North,Road,Standard,1150,372.31,4.33,Medium,Storm,42.28
SHP-00415,2025-04-18,East,Air,Express,722,154.48,5.23,Low,Rain,2.79
SHP-00416,2025-01-05,West,Road,Express,566,500.0,5.95,Medium,Storm,29.07
SHP-00417,2025-04-13,East,Road,Standard,2582,30.27,7.16,Medium,Rain,62.82
SHP-00418,2025-07-15,East,Road,Standard,1663,140.53,1.66,Low,Rain,39.55
SHP-00419,2025-09-19,North,Rail,Standard,831,175.22,1.17,High,Clear,21.49
SHP-00420,2025-12-31,West,Rail,Standard,2201,371.69,1.31,Low,Clear,43.46
SHP-00421,2025-12-16,West,Air,Standard,2085,61.86,2.32,Low,Clear,15.7
SHP-00422,2025-02-16,South,Road,Standard,2436,241.59,6.08,Medium,Clear,53.0
SHP-00423,2025-12-21,West,Road,Express,736,450.41,2.75,Medium,Clear,14.26
SHP-00424,2025-11-07,East,Air,Standard,1639,403.99,3.03,Medium,Clear,15.87
SHP-00425,2025-11-04,East,Air,Express,949,145.67,1.17,Low,Clear,6.76
SHP-00426,2025-05-24,East,Road,Standard,1551,324.78,1.27,High,Clear,35.08
SHP-00427,2025-09-26,West,Rail,Express,2704,156.07,2.27,Medium,Clear,43.7
SHP-00428,2025-05-04,East,Road,Standard,272,160.44,1.88,Low,Clear,10.37
SHP-00429,2025-04-16,North,Sea,Express,1126,208.51,5.3,Medium,Storm,45.49
SHP-00430,2025-06-07,South,Road,Standard,1150,670.5,1.16,High,Clear,34.46
SHP-00431,2025-05-27,West,Sea,Standard,1791,654.92,1.39,Medium,Clear,63.97
SHP-00432,2025-05-25,North,Air,Standard,552,440.86,3.97,Low,Rain,14.71
SHP-00433,2025-04-30,South,Rail,Standard,1389,92.08,2.78,Medium,Clear,26.4
SHP-00434,2025-11-15,South,Road,Standard,2919,436.86,2.62,Low,Clear,61.8
SHP-00435,2025-10-02,South,Rail,Standard,673,209.58,6.03,Medium,Clear,21.14
SHP-00436,2025-04-02,East,Road,Standard,1936,353.21,2.67,High,Clear,43.74
SHP-00437,2025-02-27,West,Road,Express,2262,134.77,3.33,Medium,Clear,48.32
SHP-00438,2025-12-12,North,Air,Standard,1100,390.35,2.28,Medium,Clear,17.53
SHP-00439,2025-08-17,North,Sea,Standard,1143,402.58,3.03,High,Clear,44.63
SHP-00440,2025-04-27,North,Rail,Express,2035,267.21,5.41,Medium,Rain,33.75
SHP-00441,2025-11-14,West,Air,Standard,1438,360.3,2.48,Medium,Clear,13.58
SHP-00442,2025-10-06,East,Road,Standard,1379,353.92,3.68,Low,Clear,30.22
SHP-00443,2025-05-07,South,Road,Standard,1197,143.3,2.51,Medium,Clear,32.95
SHP-00444,2025-05-09,West,Road,Express,68,573.89,0.54,Medium,Clear,7.38
SHP-00445,2025-02-27,West,Rail,Express,1330,183.52,1.92,Medium,Rain,25.5
SHP-00446,2025-05-02,West,Sea,Express,1095,58.61,2.24,High,Clear,38.36
SHP-00447,2025-01-01,West,Air,Standard,1038,562.03,3.31,High,Rain,17.45
SHP-00448,2025-08-27,North,Road,Express,2547,255.11,4.74,Medium,Clear,53.27
SHP-00449,2025-10-17,East,Road,Standard,2649,392.41,2.85,Medium,Rain,57.57
SHP-00450,2025-04-06,South,Rail,Standard,1623,244.61,2.45,Medium,Clear,27.73
SHP-00451,2025-05-06,West,Road,Standard,1121,63.19,3.85,Low,Clear,31.58
SHP-00452,2025-04-28,East,Air,Standard,2792,186.45,3.21,Medium,Rain,19.84
SHP-00453,2025-02-17,West,Air,Standard,2684,244.87,1.15,High,Rain,21.98
SHP-00454,2025-03-30,East,Rail,Standard,2818,402.66,7.51,Medium,Clear,54.35
SHP-00455,2025-08-25,North,Road,Standard,1256,266.4,2.57,High,Storm,41.13
SHP-00456,2025-09-29,East,Road,Standard,1508,186.17,3.21,Low,Clear,32.08
SHP-00457,2025-07-08,West,Road,Express,2204,196.0,0.97,Medium,Clear,39.37
SHP-00458,2025-07-11,West,Road,Standard,1261,384.84,6.26,Medium,Clear,32.73
SHP-00459,2025-03-10,North,Road,Express,825,420.96,2.34,Medium,Rain,23.57
SHP-00460,2025-10-05,North,Air,Standard,1909,104.7,8.01,High,Storm,25.34
SHP-00461,2025-12-15,North,Air,Express,1916,258.44,3.1,High,Clear,14.03
SHP-00462,2025-09-04,East,Road,Standard,1210,413.53,4.56,Low,Clear,37.92
SHP-00463,2025-03-17,West,Road,Standard,1931,663.69,2.49,Low,Clear,37.24
SHP-00464,2025-06-03,North,Road,Standard,2995,554.62,1.23,Low,Clear,58.44
SHP-00465,2025-05-24,South,Road,Standard,2433,69.15,4.16,Medium,Clear,59.65
SHP-00466,2025-03-27,West,Air,Express,2704,237.67,4.14,Medium,Clear,15.64
SHP-00467,2025-07-04,East,Road,Standard,2935,67.63,0.5,Medium,Clear,58.72
SHP-00468,2025-10-12,East,Road,Standard,1830,631.5,1.13,Medium,Clear,45.57
SHP-00469,2025-08-08,East,Road,Express,651,281.49,6.17,Medium,Clear,21.05
SHP-00470,2025-03-10,South,Sea,Standard,1644,419.63,2.35,High,Rain,59.82
SHP-00471,2025-02-16,South,Rail,Standard,2500,114.1,4.92,Medium,Clear,46.65
SHP-00472,2025-04-04,East,Road,Standard,589,146.23,10.31,Medium,Clear,23.69
SHP-00473,2025-08-26,East,Rail,Standard,1145,309.89,4.3,Low,Clear,22.49
SHP-00474,2025-07-23,West,Air,Standard,1855,526.75,3.14,Medium,Clear,15.29
SHP-00475,2025-08-06,East,Sea,Standard,73,45.35,1.91,Medium,Clear,7.55
SHP-00476,2025-12-07,West,Road,Express,673,487.5,3.86,Medium,Rain,21.19
SHP-00477,2025-02-08,North,Sea,Standard,1885,283.6,4.15,High,Storm,73.46
SHP-00478,2025-04-10,South,Sea,Standard,1129,36.98,3.36,High,Rain,48.89
SHP-00479,2025-10-16,North,Sea,Standard,1035,386.62,5.04,High,Clear,46.32
SHP-00480,2025-09-11,North,Rail,Express,272,402.41,1.32,Medium,Clear,7.26
SHP-00481,2025-08-10,East,Rail,Express,228,249.39,3.41,Medium,Clear,11.69
SHP-00482,2025-12-23,West,Road,Standard,2897,157.6,3.15,Medium,Storm,69.05
SHP-00483,2025-01-23,North,Air,Express,2531,122.47,2.13,Low,Storm,18.7
SHP-00484,2025-09-07,South,Rail,Standard,2010,332.15,4.09,Medium,Clear,37.34
SHP-00485,2025-01-10,West,Air,Standard,1523,75.32,1.22,Low,Clear,7.82
SHP-00486,2025-09-03,North,Road,Standard,842,592.47,1.82,Medium,Rain,27.07
SHP-00487,2025-11-21,East,Air,Standard,933,123.95,2.53,Medium,Clear,7.07
SHP-00488,2025-04-10,East,Air,Standard,2589,457.36,2.8,High,Rain,22.61
SHP-00489,2025-10-17,East,Road,Express,1262,394.6,4.22,Medium,Rain,25.04
SHP-00490,2025-06-29,North,Air,Standard,1651,303.96,4.51,High,Clear,14.33
SHP-00491,2025-08-11,South,Rail,Express,859,480.59,1.78,Low,Storm,19.7
SHP-00492,2025-09-07,West,Air,Standard,1010,106.31,7.96,Low,Storm,23.59
SHP-00493,2025-05-27,East,Road,Standard,469,460.67,4.06,Medium,Storm,27.33
SHP-00494,2025-04-06,North,Road,Standard,2746,448.39,9.41,Medium,Clear,62.0
SHP-00495,2025-09-14,West,Sea,Standard,1237,449.62,7.07,Low,Clear,48.31
SHP-00496,2025-11-21,North,Road,Standard,1328,344.61,2.17,Low,Clear,33.45
SHP-00497,2025-01-04,East,Air,Standard,2573,103.25,1.21,Medium,Clear,16.16
SHP-00498,2025-01-16,North,Rail,Standard,1490,183.09,0.98,Medium,Clear,24.14
SHP-00499,2025-10-07,West,Rail,Standard,2267,491.17,0.5,Medium,Clear,39.17
SHP-00500,2025-12-02,South,Road,Express,1390,186.9,3.71,Medium,Rain,33.54
SHP-00501,2025-09-04,South,Rail,Standard,2271,104.87,2.04,Low,Clear,35.43
SHP-00502,2025-09-15,North,Road,Standard,2567,877.99,4.68,High,Clear,61.6
SHP-00503,2025-06-09,South,Road,Standard,2442,49.81,2.12,Low,Clear,51.9
SHP-00504,2025-12-06,West,Road,Express,2542,164.27,1.76,Medium,Rain,54.42
SHP-00505,2025-06-01,West,Road,Express,1091,376.55,4.5,High,Clear,30.91
SHP-00506,2025-06-27,South,Sea,Standard,1143,928.17,10.85,High,Clear,53.88
SHP-00507,2025-06-12,South,Sea,Standard,1411,205.7,6.97,Medium,Storm,57.81
SHP-00508,2025-02-02,East,Road,Standard,2725,190.16,4.55,Medium,Clear,60.85
SHP-00509,2025-06-28,West,Air,Express,641,230.74,6.54,Medium,Clear,9.49
SHP-00510,2025-04-11,East,Road,Standard,576,106.65,4.25,Medium,Rain,21.07
SHP-00511,2025-09-25,South,Air,Standard,2553,80.29,0.5,Medium,Rain,21.52
SHP-00512,2025-11-19,South,Air,Standard,1342,458.4,5.09,Medium,Clear,9.35
SHP-00513,2025-03-06,East,Sea,Standard,1704,258.51,4.46,High,Storm,71.05
SHP-00514,2025-06-17,North,Road,Express,860,45.21,5.75,Low,Storm,25.66
SHP-00515,2025-11-26,East,Air,Standard,237,101.91,2.03,High,Clear,10.22
SHP-00516,2025-02-12,South,Road,Standard,1642,643.72,6.3,High,Clear,45.83
SHP-00517,2025-02-13,West,Sea,Standard,2808,546.46,1.31,Medium,Clear,83.86
SHP-00518,2025-10-12,North,Road,Express,578,127.33,3.54,Medium,Clear,13.91
SHP-00519,2025-01-12,East,Rail,Express,483,337.97,3.18,Medium,Clear,11.24
SHP-00520,2025-04-05,South,Air,Standard,2385,65.87,0.5,High,Rain,19.26
SHP-00521,2025-10-29,East,Air,Standard,1991,165.55,2.2,Low,Clear,11.62
SHP-00522,2025-09-10,North,Road,Express,2596,1253.39,4.41,Medium,Rain,62.19
SHP-00523,2025-08-30,East,Sea,Standard,1854,299.38,2.25,Medium,Clear,67.5
SHP-00524,2025-02-04,East,Road,Standard,352,169.12,7.53,High,Clear,16.24
SHP-00525,2025-08-03,East,Rail,Standard,136,227.21,3.72,High,Clear,16.71
SHP-00526,2025-12-03,East,Road,Express,2927,139.74,2.68,Medium,Clear,62.01
SHP-00527,2025-03-31,East,Road,Standard,487,68.06,6.32,Low,Clear,20.83
SHP-00528,2025-09-21,West,Rail,Express,2638,554.85,2.39,Medium,Rain,43.64
SHP-00529,2025-04-03,North,Road,Standard,1095,37.75,1.4,Low,Clear,24.78
SHP-00530,2025-03-31,West,Road,Standard,882,372.56,4.64,High,Clear,27.13
SHP-00531,2025-04-25,South,Road,Standard,846,207.63,1.2,Medium,Rain,23.83
SHP-00532,2025-04-15,North,Road,Standard,609,561.13,2.28,High,Clear,18.99
SHP-00533,2025-07-15,North,Air,Standard,811,210.78,3.3,Medium,Clear,11.15
SHP-00534,2025-11-10,South,Sea,Standard,1748,272.14,2.66,Medium,Clear,54.34
SHP-00535,2025-04-24,West,Road,Standard,2564,219.97,15.0,Low,Rain,64.4
SHP-00536,2025-03-16,East,Road,Express,1174,359.82,4.28,Medium,Clear,25.35
SHP-00537,2025-08-05,West,Road,Express,2772,104.9,2.98,Low,Clear,55.21
SHP-00538,2025-10-04,East,Road,Standard,734,162.1,2.07,Medium,Clear,20.1
SHP-00539,2025-09-06,South,Air,Standard,1214,540.82,4.04,Low,Storm,19.76
SHP-00540,2025-06-13,North,Rail,Standard,187,386.21,6.49,Medium,Clear,17.36
SHP-00541,2025-12-23,South,Road,Standard,627,300.97,0.86,Medium,Rain,25.76
SHP-00542,2025-07-11,South,Road,Express,759,272.84,3.97,Medium,Rain,15.1
SHP-00543,2025-08-15,North,Road,Standard,277,182.83,2.86,Low,Clear,9.45
SHP-00544,2025-06-26,North,Air,Standard,2378,202.44,5.26,Medium,Rain,19.27
SHP-00545,2025-04-09,East,Sea,Express,2781,300.1,3.33,Medium,Rain,89.79
SHP-00546,2025-02-05,East,Road,Standard,877,406.13,4.37,Medium,Clear,21.88
SHP-00547,2025-04-06,West,Road,Standard,480,299.79,9.78,Low,Clear,18.37
SHP-00548,2025-06-01,West,Sea,Standard,1113,399.86,5.37,High,Clear,46.12
SHP-00549,2025-05-31,East,Sea,Standard,1759,348.44,2.64,High,Clear,63.01
SHP-00550,2025-07-09,South,Road,Standard,1736,45.88,1.55,Low,Rain,40.93
SHP-00551,2025-08-12,East,Road,Express,1284,180.61,2.87,Medium,Clear,31.1
SHP-00552,2025-02-06,West,Road,Express,351,164.0,1.57,Medium,Clear,12.12
SHP-00553,2025-09-25,North,Rail,Standard,1159,74.44,3.53,Medium,Rain,27.9
SHP-00554,2025-07-02,South,Road,Express,1470,364.33,3.54,Low,Clear,32.1
SHP-00555,2025-01-13,West,Road,Standard,582,442.78,1.02,Low,Clear,18.81
SHP-00556,2025-10-06,South,Rail,Express,818,227.09,3.46,Low,Rain,11.9
SHP-00557,2025-08-05,East,Road,Standard,1988,87.75,8.04,Medium,Clear,53.94
SHP-00558,2025-12-21,East,Air,Express,1454,92.54,3.38,High,Rain,9.91
SHP-00559,2025-12-27,North,Road,Express,493,120.43,2.45,Medium,Clear,10.74
SHP-00560,2025-10-13,South,Road,Standard,309,157.61,5.11,High,Clear,18.51
SHP-00561,2025-09-30,South,Rail,Express,1588,175.24,2.91,Low,Clear,29.15
SHP-00562,2025-03-03,North,Road,Express,1381,246.86,3.07,Low,Clear,20.3
SHP-00563,2025-03-25,North,Sea,Express,2836,671.1,6.32,Medium,Storm,95.69
SHP-00564,2025-08-05,West,Rail,Standard,2893,344.77,1.66,Low,Storm,56.27
SHP-00565,2025-12-08,South,Road,Express,119,510.73,5.68,Medium,Rain,15.67
SHP-00566,2025-07-06,East,Air,Express,1527,119.67,0.98,Medium,Clear,7.91
SHP-00567,2025-01-19,South,Road,Standard,1512,144.1,10.46,Low,Storm,45.65
SHP-00568,2025-06-26,West,Sea,Express,1898,253.46,1.69,Medium,Rain,59.33
SHP-00569,2025-04-10,North,Road,Standard,530,304.92,3.43,Medium,Clear,17.49
SHP-00570,2025-08-21,South,Rail,Standard,1217,162.24,7.27,Medium,Rain,28.49
SHP-00571,2025-03-17,West,Road,Standard,2121,242.09,1.0,High,Clear,46.31
SHP-00572,2025-09-22,West,Road,Standard,2843,615.76,2.25,Low,Clear,60.41
SHP-00573,2025-10-11,North,Air,Standard,2942,166.64,5.4,High,Rain,25.5
SHP-00574,2025-07-25,West,Air,Standard,1248,178.04,0.71,Medium,Clear,12.73
SHP-00575,2025-08-11,South,Road,Express,2422,98.57,4.44,High,Clear,54.66
SHP-00576,2025-02-21,South,Road,Standard,1942,566.58,4.03,Low,Clear,46.29
SHP-00577,2025-12-05,North,Air,Standard,1744,45.07,0.62,Medium,Storm,20.98
SHP-00578,2025-05-24,North,Sea,Standard,1933,276.73,0.54,Medium,Clear,56.82
SHP-00579,2025-03-10,East,Road,Standard,1421,250.71,0.5,High,Clear,34.02
SHP-00580,2025-04-09,South,Rail,Express,847,134.88,3.91,Medium,Clear,18.04
SHP-00581,2025-01-25,South,Road,Standard,67,121.23,1.89,Medium,Clear,9.25
SHP-00582,2025-02-22,East,Sea,Express,93,161.14,0.92,High,Storm,14.58
SHP-00583,2025-05-31,West,Road,Standard,204,134.38,5.93,Medium,Clear,17.39
SHP-00584,2025-05-24,North,Road,Standard,916,113.9,7.62,Low,Clear,32.98
SHP-00585,2025-02-26,East,Air,Standard,792,239.53,7.33,Medium,Clear,16.06
SHP-00586,2025-02-08,North,Road,Standard,1901,126.67,3.44,Medium,Rain,45.59
SHP-00587,2025-04-19,East,Rail,Standard,1475,284.19,0.56,Medium,Clear,31.47
SHP-00588,2025-06-30,East,Road,Standard,274,333.7,0.88,Medium,Rain,9.54
SHP-00589,2025-02-11,West,Road,Standard,266,194.02,1.31,High,Clear,15.5
SHP-00590,2025-07-05,North,Road,Express,80,237.58,1.97,Medium,Clear,9.23
SHP-00591,2025-08-11,North,Rail,Standard,1942,563.89,7.21,Low,Storm,42.57
SHP-00592,2025-05-02,South,Road,Standard,1132,368.06,4.11,Low,Storm,31.54
SHP-00593,2025-05-13,North,Rail,Standard,1965,75.74,3.31,High,Storm,45.11
SHP-00594,2025-06-12,North,Air,Standard,947,431.9,3.55,Medium,Storm,18.28
SHP-00595,2025-08-03,West,Air,Express,494,771.37,5.72,High,Rain,12.67
SHP-00596,2025-08-09,North,Road,Standard,1308,414.27,5.5,Medium,Rain,42.82
SHP-00597,2025-08-23,South,Road,Standard,1180,232.54,3.28,Medium,Rain,31.33
SHP-00598,2025-11-27,East,Road,Express,1264,384.11,6.46,Medium,Clear,28.94
SHP-00599,2025-05-26,South,Road,Standard,2065,381.75,2.28,Low,Clear,44.55
SHP-00600,2025-08-27,West,Road,Standard,2627,437.95,5.29,Medium,Clear,61.41
SHP-00601,2025-03-17,North,Air,Standard,1986,201.05,6.35,Medium,Storm,23.74
SHP-00602,2025-01-09,South,Road,Standard,787,66.13,5.69,Medium,Clear,26.63
SHP-00603,2025-03-15,North,Road,Express,1752,172.41,1.51,High,Rain,38.63
SHP-00604,2025-09-10,North,Road,Express,923,279.55,2.78,High,Clear,29.75
SHP-00605,2025-08-18,West,Air,Express,615,534.71,0.67,High,Clear,11.34
SHP-00606,2025-01-07,North,Road,Standard,2068,403.04,1.12,High,Clear,51.19
SHP-00607,2025-06-23,East,Rail,Standard,1935,209.34,2.65,Medium,Clear,38.04
SHP-00608,2025-05-21,South,Road,Express,2173,238.13,3.4,Medium,Clear,48.39
SHP-00609,2025-06-17,South,Sea,Standard,596,25.62,4.09,High,Clear,27.02
SHP-00610,2025-06-19,West,Sea,Standard,2364,250.16,1.1,Medium,Rain,75.57
SHP-00611,2025-10-10,North,Road,Standard,366,90.91,2.92,Low,Clear,17.52
SHP-00612,2025-05-02,East,Road,Standard,1909,770.53,5.86,Medium,Clear,51.94
SHP-00613,2025-07-13,West,Road,Standard,74,94.73,3.8,Low,Clear,5.7
SHP-00614,2025-01-05,East,Road,Express,209,20.0,4.58,Medium,Rain,14.01
SHP-00615,2025-01-29,West,Air,Express,2693,148.96,3.4,Medium,Clear,13.76
SHP-00616,2025-06-14,North,Air,Standard,1187,523.78,1.85,Low,Clear,8.54
SHP-00617,2025-12-05,South,Air,Standard,949,239.51,1.41,High,Clear,14.93
SHP-00618,2025-05-16,North,Air,Standard,2599,308.74,2.77,High,Clear,23.63
SHP-00619,2025-12-31,East,Road,Express,1239,109.43,4.94,High,Rain,36.75
SHP-00620,2025-11-17,West,Road,Standard,752,199.29,1.63,Medium,Rain,22.54
SHP-00621,2025-12-08,North,Air,Express,50,314.62,2.23,High,Clear,9.86
SHP-00622,2025-05-25,East,Road,Standard,1972,136.09,3.27,High,Clear,47.43
SHP-00623,2025-11-23,North,Air,Standard,2838,373.19,8.5,Medium,Clear,23.63
SHP-00624,2025-08-05,East,Road,Standard,2417,159.99,3.97,High,Clear,61.35
SHP-00625,2025-10-28,South,Road,Express,1474,115.83,3.9,Low,Rain,27.67
SHP-00626,2025-05-12,West,Sea,Standard,431,368.75,2.49,High,Clear,26.43
SHP-00627,2025-10-19,East,Road,Standard,1791,147.5,8.7,Medium,Clear,41.69
SHP-00628,2025-03-11,South,Sea,Standard,1876,284.88,3.46,Medium,Clear,66.81
SHP-00629,2025-09-09,North,Sea,Express,1323,253.69,6.01,Low,Storm,48.28
SHP-00630,2025-10-02,North,Air,Express,1598,430.97,1.42,Medium,Rain,8.39
SHP-00631,2025-12-30,North,Air,Standard,1628,270.26,2.99,Medium,Rain,18.16
SHP-00632,2025-07-01,North,Rail,Express,947,328.4,14.75,High,Clear,32.18
SHP-00633,2025-06-16,West,Sea,Standard,766,36.41,3.52,High,Clear,30.88
SHP-00634,2025-04-01,East,Road,Standard,2404,727.12,2.42,High,Clear,52.86
SHP-00635,2025-07-21,East,Rail,Standard,440,320.71,6.16,Medium,Clear,17.82
SHP-00636,2025-12-12,North,Rail,Standard,1749,259.15,2.6,High,Clear,32.71
SHP-00637,2025-01-19,West,Road,Express,2395,47.56,2.73,Medium,Clear,45.78
SHP-00638,2025-02-08,East,Road,Express,282,592.55,0.73,High,Clear,13.91
SHP-00639,2025-05-06,North,Road,Standard,1976,221.23,0.5,Low,Rain,40.24
SHP-00640,2025-06-22,East,Rail,Standard,2368,460.06,4.23,Medium,Clear,45.97
SHP-00641,2025-05-21,East,Sea,Express,1369,165.38,2.27,High,Clear,52.54
SHP-00642,2025-08-30,North,Road,Express,2774,220.8,4.76,High,Clear,59.89
SHP-00643,2025-08-08,South,Sea,Standard,755,62.96,4.04,Medium,Clear,31.59
SHP-00644,2025-05-06,South,Air,Express,283,379.88,3.41,High,Clear,16.62
SHP-00645,2025-02-27,North,Air,Standard,1441,217.42,2.74,Low,Clear,8.12
SHP-00646,2025-05-28,West,Rail,Standard,2942,489.68,1.72,Medium,Clear,53.93
SHP-00647,2025-11-13,West,Air,Express,1305,243.39,1.61,Medium,Clear,12.44
SHP-00648,2025-12-27,East,Road,Standard,1946,509.42,0.97,Low,Clear,44.94
SHP-00649,2025-01-01,South,Air,Standard,2588,531.57,3.17,Low,Clear,20.68
SHP-00650,2025-12-14,South,Road,Standard,2600,236.17,8.51,Low,Clear,59.85
SHP-00651,2025-07-09,East,Sea,Express,939,152.98,10.95,Medium,Clear,37.52
SHP-00652,2025-07-10,East,Sea,Express,641,25.4,1.68,Low,Clear,25.4
SHP-00653,2025-11-08,North,Road,Standard,795,114.2,5.59,Medium,Rain,30.22
SHP-00654,2025-04-27,East,Road,Standard,1769,933.4,7.17,Medium,Clear,49.26
SHP-00655,2025-05-14,West,Air,Standard,477,182.55,2.03,Medium,Clear,9.82
SHP-00656,2025-02-27,South,Road,Standard,2794,36.1,5.1,Medium,Storm,65.03
SHP-00657,2025-02-13,North,Sea,Standard,2743,63.16,6.49,Medium,Rain,91.91
SHP-00658,2025-06-22,West,Road,Express,781,213.3,0.95,Medium,Storm,27.36
SHP-00659,2025-06-09,North,Road,Standard,849,111.37,4.35,Medium,Rain,29.94
SHP-00660,2025-06-22,North,Sea,Standard,2461,255.82,1.43,Medium,Clear,76.48
SHP-00661,2025-11-13,North,Air,Standard,251,89.58,4.47,High,Clear,14.27
SHP-00662,2025-10-30,South,Air,Standard,2979,211.69,3.25,Medium,Rain,17.26
SHP-00663,2025-05-29,East,Road,Express,2243,809.24,0.78,Low,Storm,54.04
SHP-00664,2025-03-21,East,Air,Standard,885,174.75,1.91,Medium,Clear,9.29
SHP-00665,2025-08-01,North,Rail,Standard,2736,220.01,1.74,Medium,Rain,51.08
SHP-00666,2025-07-22,West,Rail,Standard,184,208.44,6.33,High,Clear,13.54
SHP-00667,2025-09-09,West,Air,Standard,2723,275.0,3.05,Medium,Clear,21.17
SHP-00668,2025-08-17,West,Rail,Standard,1337,335.68,1.63,Medium,Storm,34.09
SHP-00669,2025-06-13,North,Road,Standard,2161,291.28,4.8,Low,Rain,47.48
SHP-00670,2025-08-15,South,Road,Standard,2588,260.92,2.64,Medium,Storm,64.0
SHP-00671,2025-05-27,West,Air,Standard,90,206.61,3.71,Medium,Rain,9.92
SHP-00672,2025-01-20,West,Road,Standard,962,396.34,2.88,High,Clear,31.79
SHP-00673,2025-02-16,North,Air,Standard,1779,106.98,10.72,High,Clear,22.31
SHP-00674,2025-08-21,North,Road,Express,1024,165.05,3.69,Medium,Storm,25.47
SHP-00675,2025-11-01,South,Rail,Standard,1183,63.15,5.16,High,Clear,27.42
SHP-00676,2025-01-14,West,Air,Standard,2465,318.4,6.32,Medium,Clear,18.44
SHP-00677,2025-05-23,East,Road,Standard,1509,385.13,3.07,High,Clear,44.42
SHP-00678,2025-01-01,South,Road,Standard,2090,117.53,7.26,High,Clear,55.82
SHP-00679,2025-02-23,North,Road,Express,293,345.38,5.63,Low,Clear,16.44
SHP-00680,2025-09-16,East,Rail,Standard,2999,42.16,0.51,Medium,Rain,57.25
SHP-00681,2025-05-24,West,Air,Express,215,104.36,1.84,Medium,Clear,3.95
SHP-00682,2025-01-12,South,Road,Standard,1099,94.2,3.1,Low,Clear,26.88
SHP-00683,2025-11-26,West,Air,Standard,1547,280.61,3.35,Low,Rain,13.66
SHP-00684,2025-08-12,West,Road,Express,777,163.03,2.07,High,Clear,20.21
SHP-00685,2025-09-29,North,Rail,Standard,1165,1097.99,4.27,High,Rain,26.97
SHP-00686,2025-12-24,East,Sea,Standard,532,174.82,2.59,High,Clear,27.36
SHP-00687,2025-06-05,South,Road,Standard,2640,199.95,3.16,High,Storm,62.31
SHP-00688,2025-01-08,West,Rail,Express,2497,546.99,2.51,High,Clear,44.57
SHP-00689,2025-05-02,East,Road,Standard,1280,125.56,2.76,Low,Clear,37.38
SHP-00690,2025-12-14,East,Road,Express,2716,201.1,1.5,Low,Rain,53.78
SHP-00691,2025-06-13,West,Road,Standard,2976,512.86,4.03,Low,Rain,65.29
SHP-00692,2025-03-31,South,Road,Express,2198,173.09,4.63,Low,Clear,48.42
SHP-00693,2025-05-16,West,Rail,Standard,929,53.43,1.11,Low,Storm,25.82
SHP-00694,2025-07-05,East,Road,Express,879,548.11,2.1,Medium,Clear,23.26
SHP-00695,2025-11-12,North,Rail,Standard,2074,260.77,3.32,High,Storm,46.42
SHP-00696,2025-06-27,East,Road,Express,808,241.42,8.28,High,Clear,27.57
SHP-00697,2025-01-28,West,Road,Standard,212,573.74,1.48,Medium,Clear,9.25
SHP-00698,2025-08-08,South,Air,Standard,1246,252.87,2.58,High,Clear,18.51
SHP-00699,2025-12-23,West,Sea,Standard,2599,103.58,2.28,Medium,Clear,77.2
SHP-00700,2025-02-10,West,Road,Standard,2644,428.96,3.88,High,Clear,63.84
SHP-00701,2025-08-16,South,Sea,Standard,1357,191.1,1.47,Medium,Clear,42.45
SHP-00702,2025-07-11,West,Rail,Express,2478,199.41,2.01,Low,Clear,41.89
SHP-00703,2025-05-25,North,Rail,Express,2967,838.46,10.54,High,Clear,56.49
SHP-00704,2025-07-20,North,Rail,Standard,2045,364.97,0.58,Medium,Clear,32.5
SHP-00705,2025-07-31,North,Road,Express,1984,249.23,3.06,Medium,Rain,45.48
SHP-00706,2025-08-08,West,Road,Standard,1606,682.23,3.18,Medium,Clear,41.69
SHP-00707,2025-08-28,East,Rail,Standard,2706,77.53,2.34,Medium,Rain,48.21
SHP-00708,2025-02-15,North,Road,Express,356,236.97,6.26,High,Storm,25.69
SHP-00709,2025-02-04,South,Sea,Standard,1412,167.96,3.66,Low,Clear,41.48
SHP-00710,2025-09-10,East,Road,Express,2152,136.99,8.77,High,Storm,54.95
SHP-00711,2025-03-23,North,Road,Standard,382,321.44,0.77,Low,Clear,16.38
SHP-00712,2025-09-13,West,Air,Standard,2224,167.79,4.25,Medium,Clear,16.48
SHP-00713,2025-07-16,West,Road,Standard,2802,299.98,3.84,Low,Clear,53.49
SHP-00714,2025-10-30,South,Rail,Standard,292,217.84,4.51,High,Clear,15.28
SHP-00715,2025-01-10,West,Air,Standard,1934,216.32,5.92,Low,Rain,15.24
SHP-00716,2025-11-08,South,Sea,Express,2697,127.97,7.39,Medium,Clear,85.79
SHP-00717,2025-10-13,West,Air,Express,1482,867.01,9.74,Low,Clear,14.23
SHP-00718,2025-08-30,East,Air,Express,2600,94.02,1.23,Low,Rain,14.77
SHP-00719,2025-09-08,East,Air,Standard,2701,167.83,4.31,High,Clear,22.28
SHP-00720,2025-12-31,North,Sea,Standard,352,444.14,6.49,Low,Clear,24.17
SHP-00721,2025-01-05,West,Road,Standard,284,200.09,3.03,Low,Clear,13.81
SHP-00722,2025-04-29,South,Road,Standard,2236,289.49,1.58,Low,Storm,54.65
SHP-00723,2025-10-16,North,Road,Standard,244,438.89,1.6,Medium,Rain,17.79
SHP-00724,2025-03-06,North,Road,Express,1600,231.89,1.94,Medium,Clear,32.73
SHP-00725,2025-05-26,East,Air,Standard,1842,252.02,4.07,Low,Clear,11.28
SHP-00726,2025-08-12,East,Rail,Standard,696,362.23,2.02,Low,Clear,21.12
SHP-00727,2025-08-27,East,Rail,Standard,2098,327.46,3.29,Medium,Clear,40.34
SHP-00728,2025-06-26,West,Road,Standard,610,132.12,0.95,Medium,Rain,20.72
SHP-00729,2025-09-24,North,Air,Standard,1169,630.67,0.95,High,Clear,12.66
SHP-00730,2025-12-07,East,Road,Express,762,52.66,4.81,High,Clear,22.69
SHP-00731,2025-10-09,North,Air,Standard,462,197.93,0.5,Medium,Storm,16.75
SHP-00732,2025-03-04,West,Rail,Express,587,393.43,7.67,Medium,Rain,22.98
SHP-00733,2025-08-05,West,Road,Standard,1928,95.4,4.1,Medium,Clear,46.92
SHP-00734,2025-12-08,East,Road,Standard,2526,37.97,1.13,High,Clear,59.21
SHP-00735,2025-11-11,East,Road,Standard,284,1061.31,3.94,Medium,Clear,18.42
SHP-00736,2025-10-10,South,Air,Express,2446,431.84,2.34,High,Clear,17.45
SHP-00737,2025-06-26,South,Sea,Express,1829,321.72,1.54,Medium,Clear,56.87
SHP-00738,2025-04-08,West,Rail,Standard,1943,139.03,6.69,Medium,Clear,42.91
SHP-00739,2025-04-15,South,Road,Standard,1554,239.42,4.54,Medium,Rain,39.4
SHP-00740,2025-04-09,South,Road,Standard,1912,144.83,2.07,Medium,Storm,50.14
SHP-00741,2025-11-07,South,Air,Standard,2493,477.03,1.79,Low,Clear,12.96
SHP-00742,2025-01-06,West,Air,Express,1424,401.29,9.08,High,Clear,16.48
SHP-00743,2025-07-16,South,Road,Standard,465,274.4,4.17,High,Rain,22.79
SHP-00744,2025-12-17,North,Road,Standard,1959,362.59,3.34,High,Storm,51.26
SHP-00745,2025-05-13,East,Air,Standard,965,302.2,1.78,Medium,Rain,16.4
SHP-00746,2025-12-24,West,Road,Standard,130,104.41,1.75,Low,Clear,4.59
SHP-00747,2025-09-16,North,Road,Standard,2133,51.77,10.6,Low,Clear,51.61
SHP-00748,2025-01-23,North,Road,Standard,1140,398.29,4.96,Medium,Rain,33.44
SHP-00749,2025-02-22,North,Rail,Express,2738,474.61,3.13,High,Rain,44.74
SHP-00750,2025-06-14,South,Sea,Express,2979,146.98,1.05,Medium,Clear,88.3
SHP-00751,2025-07-21,South,Sea,Standard,1740,738.88,2.23,Low,Clear,58.26
SHP-00752,2025-03-24,East,Rail,Express,806,262.99,4.15,High,Rain,25.31
SHP-00753,2025-05-25,East,Rail,Standard,2720,36.78,6.48,High,Clear,53.16
SHP-00754,2025-03-26,East,Road,Standard,517,370.26,3.51,Medium,Rain,23.62
SHP-00755,2025-03-19,South,Rail,Standard,1215,959.89,6.42,Medium,Clear,29.78
SHP-00756,2025-01-01,West,Road,Standard,2453,222.57,3.53,High,Rain,58.92
SHP-00757,2025-02-20,South,Rail,Standard,2806,301.2,6.09,Medium,Clear,52.36
SHP-00758,2025-06-22,West,Road,Standard,1544,739.6,2.7,High,Clear,43.29
SHP-00759,2025-07-24,East,Road,Standard,1694,35.39,6.09,Low,Rain,40.89
SHP-00760,2025-09-17,North,Road,Express,1069,61.34,2.32,Medium,Rain,24.81
SHP-00761,2025-10-15,East,Road,Standard,1664,266.2,5.12,Medium,Storm,45.49
SHP-00762,2025-02-03,South,Road,Standard,951,152.07,3.73,High,Clear,28.82
SHP-00763,2025-12-14,East,Road,Standard,722,266.68,0.5,High,Rain,30.18
SHP-00764,2025-04-05,North,Sea,Standard,488,120.12,1.87,High,Clear,26.24
SHP-00765,2025-03-13,North,Road,Standard,2628,601.54,0.87,Medium,Clear,51.94
SHP-00766,2025-02-08,West,Rail,Express,176,385.73,12.95,High,Rain,19.3
SHP-00767,2025-06-03,North,Sea,Standard,2302,354.32,4.52,Medium,Clear,76.81
SHP-00768,2025-09-07,West,Sea,Standard,2126,223.63,2.23,Medium,Clear,66.33
SHP-00769,2025-06-11,South,Rail,Standard,494,204.79,1.03,Low,Clear,10.96
SHP-00770,2025-04-28,East,Air,Standard,1015,86.86,3.43,High,Clear,20.12
SHP-00771,2025-09-16,East,Road,Standard,513,624.57,4.48,High,Storm,27.78
SHP-00772,2025-11-02,East,Road,Standard,2248,344.19,2.22,Low,Clear,51.42
SHP-00773,2025-09-25,South,Road,Standard,2337,174.19,3.88,Low,Clear,54.43
SHP-00774,2025-02-23,North,Air,Standard,2363,416.26,6.72,High,Rain,22.34
SHP-00775,2025-08-24,North,Air,Standard,962,411.24,1.64,Medium,Clear,8.38
SHP-00776,2025-08-10,South,Road,Express,546,334.18,2.14,High,Clear,17.71
SHP-00777,2025-09-08,East,Road,Standard,1513,709.32,0.83,Low,Clear,31.43
SHP-00778,2025-11-09,West,Rail,Express,1821,531.33,6.92,Low,Clear,34.16
SHP-00779,2025-04-22,West,Road,Express,2782,395.21,0.5,Medium,Clear,54.23
SHP-00780,2025-09-12,West,Rail,Standard,207,199.39,2.47,Low,Rain,12.99
SHP-00781,2025-10-30,West,Air,Standard,221,187.41,8.55,Low,Clear,16.42
SHP-00782,2025-07-26,East,Air,Standard,543,528.61,0.5,Low,Clear,10.93
SHP-00783,2025-08-17,North,Air,Standard,1019,586.28,4.02,Low,Clear,13.26
SHP-00784,2025-12-07,West,Sea,Standard,1384,1028.02,4.73,Low,Clear,43.53
SHP-00785,2025-03-07,East,Rail,Express,1476,256.05,4.53,High,Storm,39.2
SHP-00786,2025-03-16,East,Air,Express,1742,260.26,5.57,Low,Clear,18.04
SHP-00787,2025-04-13,North,Rail,Standard,1843,80.09,3.73,Medium,Rain,28.21
SHP-00788,2025-07-11,South,Road,Standard,2773,706.47,3.59,High,Clear,65.74
SHP-00789,2025-09-09,South,Road,Standard,708,328.88,0.89,Medium,Clear,20.06
SHP-00790,2025-08-14,West,Road,Express,3000,735.51,2.99,Medium,Clear,58.64
SHP-00791,2025-10-21,East,Road,Standard,715,70.05,3.65,Medium,Storm,31.25
SHP-00792,2025-11-02,South,Rail,Standard,416,222.25,1.91,High,Clear,22.34
SHP-00793,2025-04-08,West,Air,Express,599,210.91,1.71,High,Clear,12.22
SHP-00794,2025-12-04,North,Road,Standard,692,414.28,4.49,Medium,Storm,27.46
SHP-00795,2025-10-13,South,Road,Express,1943,315.29,5.23,High,Rain,45.39
SHP-00796,2025-12-01,North,Sea,Standard,304,356.04,1.8,Medium,Clear,17.0
SHP-00797,2025-12-13,East,Road,Standard,257,152.31,2.75,Low,Storm,21.08
SHP-00798,2025-11-04,West,Rail,Express,2547,323.55,4.08,High,Rain,47.07
SHP-00799,2025-09-06,South,Rail,Standard,144,409.51,1.94,Medium,Clear,9.76
SHP-00800,2025-06-15,West,Rail,Standard,1933,246.34,3.21,High,Clear,48.16
SHP-00801,2025-12-01,South,Road,Standard,2936,169.31,3.81,Low,Clear,64.73
SHP-00802,2025-01-30,West,Road,Standard,527,98.39,9.49,Medium,Clear,26.6
SHP-00803,2025-09-04,East,Road,Standard,2780,465.18,2.77,High,Rain,60.94
SHP-00804,2025-04-16,West,Rail,Standard,811,331.91,0.73,Low,Clear,15.31
SHP-00805,2025-02-20,North,Rail,Standard,239,1085.03,0.93,High,Clear,14.96
SHP-00806,2025-03-22,West,Road,Standard,2808,521.16,1.93,High,Rain,61.58
SHP-00807,2025-05-13,East,Rail,Express,1557,68.05,2.52,High,Clear,36.04
SHP-00808,2025-10-12,South,Air,Express,1806,71.5,6.47,Medium,Storm,24.71
SHP-00809,2025-05-18,West,Road,Standard,1609,417.18,11.03,Medium,Storm,48.85
SHP-00810,2025-07-03,South,Rail,Standard,805,420.72,2.88,High,Storm,35.14
SHP-00811,2025-11-26,West,Air,Standard,1496,232.0,4.54,High,Rain,20.03
SHP-00812,2025-09-30,North,Road,Standard,885,458.58,7.49,Medium,Clear,36.16
SHP-00813,2025-12-06,East,Road,Express,1713,330.22,5.11,High,Clear,42.91
SHP-00814,2025-03-10,East,Rail,Express,1678,276.47,2.56,Medium,Clear,32.03
SHP-00815,2025-02-03,North,Sea,Standard,1885,511.02,3.0,High,Clear,70.07
SHP-00816,2025-09-19,North,Air,Standard,182,20.32,3.23,Low,Clear,11.39
SHP-00817,2025-02-22,North,Rail,Standard,104,673.38,7.8,Low,Clear,14.38
SHP-00818,2025-07-24,South,Air,Standard,559,847.23,6.12,Medium,Storm,19.8
SHP-00819,2025-05-06,South,Road,Standard,719,75.21,5.9,Medium,Storm,31.65
SHP-00820,2025-08-23,East,Rail,Express,2507,418.63,4.33,High,Clear,44.24
SHP-00821,2025-02-12,South,Rail,Express,1739,103.12,3.75,Low,Clear,30.27
SHP-00822,2025-08-28,South,Road,Standard,1366,145.89,2.9,High,Clear,33.4
SHP-00823,2025-04-21,East,Air,Standard,783,148.77,1.26,Medium,Rain,7.44
SHP-00824,2025-09-06,North,Rail,Express,1743,331.24,5.03,Medium,Rain,34.32
SHP-00825,2025-05-31,West,Road,Standard,308,305.01,2.19,Low,Clear,16.29
SHP-00826,2025-07-02,West,Sea,Standard,1195,208.19,5.52,Medium,Clear,47.67
SHP-00827,2025-12-02,East,Road,Standard,348,41.67,0.59,Low,Clear,12.09
SHP-00828,2025-04-05,East,Road,Express,610,173.45,1.47,Low,Storm,26.19
SHP-00829,2025-01-08,West,Road,Standard,1962,673.18,6.0,Medium,Clear,45.78
SHP-00830,2025-12-26,North,Air,Standard,1914,417.98,7.82,Low,Clear,11.62
SHP-00831,2025-07-03,North,Air,Express,346,112.39,5.49,Low,Rain,2.39
SHP-00832,2025-10-08,North,Road,Express,2459,282.78,1.64,High,Rain,50.82
SHP-00833,2025-07-14,West,Air,Express,2686,213.38,6.3,Low,Rain,20.25
SHP-00834,2025-12-18,North,Road,Standard,1511,709.32,1.73,Medium,Clear,33.93
SHP-00835,2025-07-14,East,Air,Standard,2224,213.5,6.34,Low,Rain,21.37
SHP-00836,2025-06-04,West,Rail,Express,246,83.31,1.37,Medium,Clear,12.91
SHP-00837,2025-04-03,West,Road,Express,2318,207.36,2.39,Medium,Clear,44.25
SHP-00838,2025-06-09,East,Sea,Standard,1044,712.27,0.5,Low,Clear,38.21
SHP-00839,2025-03-02,North,Road,Standard,2188,538.81,1.45,High,Clear,52.29
SHP-00840,2025-05-02,West,Road,Express,2508,268.98,5.0,High,Clear,53.47
SHP-00841,2025-02-20,East,Rail,Express,57,105.04,10.01,Low,Storm,21.04
SHP-00842,2025-10-04,North,Sea,Standard,2641,408.9,6.6,High,Clear,89.16
SHP-00843,2025-01-05,North,Road,Standard,2565,92.93,5.36,Low,Storm,60.14
SHP-00844,2025-04-02,West,Road,Standard,369,307.71,0.94,Low,Clear,19.01
SHP-00845,2025-06-19,East,Road,Standard,1467,383.56,2.42,Low,Clear,36.13
SHP-00846,2025-11-13,West,Rail,Standard,2366,77.59,8.66,Medium,Clear,49.49
SHP-00847,2025-01-22,West,Road,Standard,1748,212.47,3.36,Medium,Rain,46.99
SHP-00848,2025-11-22,East,Air,Standard,2158,328.67,1.22,Medium,Clear,13.65
SHP-00849,2025-01-01,East,Sea,Standard,1511,365.37,2.41,High,Rain,61.28
SHP-00850,2025-05-13,South,Rail,Standard,1337,377.3,0.5,Medium,Clear,25.04
SHP-00851,2025-08-21,South,Road,Express,2894,140.53,5.73,Medium,Storm,64.99
SHP-00852,2025-01-12,South,Road,Standard,1168,168.89,1.03,Medium,Clear,27.95
SHP-00853,2025-12-12,West,Road,Standard,602,174.75,3.26,High,Rain,23.09
SHP-00854,2025-02-15,East,Sea,Express,710,20.0,1.19,Low,Clear,26.17
SHP-00855,2025-02-03,West,Road,Standard,765,595.55,3.67,Medium,Rain,26.66
SHP-00856,2025-03-19,South,Road,Express,2876,217.96,5.53,Medium,Rain,60.79
SHP-00857,2025-08-06,East,Air,Express,2291,490.34,2.2,Medium,Clear,16.05
SHP-00858,2025-10-28,East,Road,Standard,2579,506.31,7.3,Medium,Storm,65.3
SHP-00859,2025-03-14,East,Rail,Express,1508,836.71,5.16,Medium,Clear,29.68
SHP-00860,2025-10-09,East,Road,Standard,904,96.33,4.61,Medium,Clear,27.18
SHP-00861,2025-09-06,North,Air,Standard,2595,343.11,7.15,Medium,Rain,23.92
SHP-00862,2025-02-16,East,Sea,Standard,2309,225.31,3.71,Medium,Clear,77.26
SHP-00863,2025-05-01,North,Rail,Standard,714,251.02,2.53,Low,Clear,15.88
SHP-00864,2025-08-02,South,Sea,Express,2767,385.76,4.22,Medium,Clear,88.84
SHP-00865,2025-08-27,South,Road,Standard,1947,146.65,1.25,Medium,Rain,44.39
SHP-00866,2025-02-25,East,Rail,Standard,1724,198.9,5.87,Medium,Clear,34.36
SHP-00867,2025-12-16,West,Rail,Standard,2318,24.35,5.87,High,Clear,42.45
SHP-00868,2025-04-17,East,Rail,Standard,322,151.96,2.78,Medium,Rain,18.86
SHP-00869,2025-11-15,East,Road,Standard,1227,712.72,2.09,Low,Rain,32.48
SHP-00870,2025-02-17,South,Road,Standard,1322,409.04,3.78,Medium,Storm,40.62
SHP-00871,2025-03-02,East,Road,Express,328,379.62,1.09,High,Rain,19.49
SHP-00872,2025-12-03,North,Road,Standard,865,427.67,2.49,High,Rain,27.8
SHP-00873,2025-01-26,North,Road,Express,325,243.54,6.92,Medium,Clear,10.34
SHP-00874,2025-10-19,South,Air,Standard,1054,509.31,1.47,Low,Clear,10.59
SHP-00875,2025-09-14,South,Road,Express,2611,147.91,7.51,Medium,Rain,59.75
SHP-00876,2025-01-08,North,Road,Express,972,215.82,4.36,Medium,Storm,29.48
SHP-00877,2025-04-23,North,Rail,Standard,691,212.47,4.74,High,Rain,29.17
SHP-00878,2025-12-21,South,Rail,Standard,554,531.37,2.12,Medium,Clear,9.34
SHP-00879,2025-09-10,West,Sea,Express,2687,138.09,1.66,Medium,Clear,84.88
SHP-00880,2025-06-29,South,Rail,Standard,821,199.88,2.68,Medium,Clear,22.91
SHP-00881,2025-07-26,South,Road,Express,1314,163.45,8.87,Medium,Rain,37.66
SHP-00882,2025-10-30,North,Air,Standard,2837,692.34,2.03,High,Rain,13.01
SHP-00883,2025-05-07,East,Rail,Standard,2772,506.47,0.5,Medium,Clear,51.59
SHP-00884,2025-02-25,South,Road,Standard,1309,347.09,3.52,High,Clear,33.38
SHP-00885,2025-08-02,North,Rail,Express,1063,424.94,6.65,Medium,Storm,28.29
SHP-00886,2025-01-14,East,Sea,Standard,177,109.56,3.81,Low,Rain,15.07
SHP-00887,2025-01-28,North,Road,Express,2600,375.22,9.24,Medium,Clear,58.99
SHP-00888,2025-03-19,North,Road,Express,1273,318.8,4.96,Low,Clear,30.76
SHP-00889,2025-08-04,North,Road,Standard,2999,134.24,3.84,Low,Storm,70.79
SHP-00890,2025-12-31,North,Road,Standard,2640,58.1,2.66,Medium,Rain,60.53
SHP-00891,2025-06-03,North,Road,Express,1575,268.21,4.57,Medium,Clear,36.22
SHP-00892,2025-01-14,South,Rail,Standard,1723,250.97,0.9,Medium,Clear,33.41
SHP-00893,2025-07-06,West,Road,Express,541,49.24,8.88,Low,Clear,15.1
SHP-00894,2025-11-08,East,Sea,Standard,1307,301.02,5.54,Medium,Clear,46.7
SHP-00895,2025-01-07,East,Air,Standard,2811,411.48,5.52,Medium,Clear,23.81
SHP-00896,2025-01-03,South,Rail,Express,2888,493.87,3.16,High,Clear,53.38
SHP-00897,2025-04-21,West,Air,Standard,1716,227.87,7.38,Medium,Clear,20.07
SHP-00898,2025-08-26,South,Road,Standard,465,293.24,2.86,Medium,Rain,18.0
SHP-00899,2025-12-29,North,Rail,Standard,2245,490.94,2.22,Low,Clear,41.7
SHP-00900,2025-08-27,East,Rail,Standard,1019,242.93,3.38,High,Clear,23.97
SHP-00901,2025-10-01,North,Air,Standard,2126,141.6,5.66,Medium,Clear,20.78
SHP-00902,2025-10-21,South,Air,Express,1434,142.41,1.94,High,Clear,12.17
SHP-00903,2025-08-15,South,Road,Standard,357,438.28,1.7,Low,Clear,18.48
SHP-00904,2025-01-15,West,Sea,Standard,2259,289.81,1.65,Medium,Clear,67.95
SHP-00905,2025-07-11,South,Road,Standard,2966,194.58,2.34,Medium,Rain,69.76
SHP-00906,2025-04-29,East,Sea,Standard,2949,131.81,6.02,Low,Rain,95.39
SHP-00907,2025-01-28,West,Sea,Standard,110,191.82,3.68,Medium,Rain,13.35
SHP-00908,2025-07-21,North,Road,Express,2222,272.56,1.3,High,Rain,50.37
SHP-00909,2025-02-08,South,Air,Express,1529,664.09,11.97,Medium,Rain,18.48
SHP-00910,2025-09-30,South,Road,Standard,2935,542.06,1.14,High,Clear,64.31
SHP-00911,2025-08-19,South,Road,Standard,1980,725.2,2.35,Low,Storm,47.64
SHP-00912,2025-03-27,South,Rail,Standard,2563,167.97,1.6,Medium,Clear,42.46
SHP-00913,2025-05-06,West,Rail,Standard,2340,40.45,1.98,Medium,Clear,42.73
SHP-00914,2025-10-27,East,Sea,Standard,1563,211.92,3.41,Medium,Clear,51.83
SHP-00915,2025-01-25,East,Air,Standard,522,371.09,2.8,High,Storm,18.09
SHP-00916,2025-05-25,South,Rail,Standard,1008,308.48,1.81,Low,Storm,23.1
SHP-00917,2025-01-13,West,Air,Standard,582,1015.02,4.02,High,Rain,16.27
SHP-00918,2025-07-31,West,Sea,Standard,543,426.32,4.43,Medium,Clear,29.71
SHP-00919,2025-01-25,West,Road,Express,2996,154.64,4.95,Low,Clear,57.68
SHP-00920,2025-03-09,North,Sea,Standard,131,546.19,3.45,High,Storm,19.95
SHP-00921,2025-03-08,East,Road,Standard,2953,56.38,4.31,Medium,Rain,66.59
SHP-00922,2025-08-21,North,Air,Standard,928,177.21,4.88,High,Storm,20.91
SHP-00923,2025-04-19,North,Road,Standard,1595,191.48,2.01,Medium,Clear,43.48
SHP-00924,2025-05-26,North,Road,Express,61,570.95,10.29,High,Clear,15.2
SHP-00925,2025-04-21,East,Road,Standard,1336,323.92,8.68,Medium,Rain,41.29
SHP-00926,2025-08-16,East,Rail,Standard,498,133.47,5.6,Low,Clear,19.85
SHP-00927,2025-04-21,North,Road,Standard,811,91.92,2.54,Medium,Storm,31.56
SHP-00928,2025-02-03,South,Road,Express,75,360.09,0.6,Low,Clear,5.05
SHP-00929,2025-04-21,South,Rail,Standard,1856,995.91,0.74,Medium,Storm,40.58
SHP-00930,2025-09-21,South,Sea,Standard,2605,223.83,2.68,Low,Clear,87.85
SHP-00931,2025-08-24,North,Road,Standard,1618,49.45,8.72,Low,Rain,42.23
SHP-00932,2025-03-24,South,Road,Standard,111,443.88,2.88,Low,Clear,8.52
SHP-00933,2025-02-11,East,Road,Standard,278,353.15,1.59,Medium,Clear,11.84
SHP-00934,2025-04-11,North,Road,Standard,1888,168.99,1.66,Medium,Clear,36.65
SHP-00935,2025-01-06,North,Air,Standard,656,83.2,8.61,Medium,Storm,23.23
SHP-00936,2025-06-29,South,Air,Express,1108,158.45,2.72,Low,Rain,2.93
SHP-00937,2025-10-09,West,Rail,Standard,1778,251.51,8.29,Medium,Clear,38.28
SHP-00938,2025-11-16,East,Road,Standard,1529,209.98,1.51,Medium,Storm,41.63
SHP-00939,2025-08-14,East,Air,Standard,2988,91.59,1.73,Medium,Clear,25.11
SHP-00940,2025-11-11,South,Rail,Express,1575,79.38,2.3,High,Clear,25.35
SHP-00941,2025-12-31,East,Air,Standard,810,135.92,4.5,Medium,Clear,10.58
SHP-00942,2025-08-17,North,Rail,Express,644,391.15,5.22,Medium,Rain,18.29
SHP-00943,2025-10-16,East,Air,Standard,1642,195.8,1.9,Low,Clear,12.1
SHP-00944,2025-05-30,West,Rail,Standard,1105,481.79,2.08,Low,Clear,21.22
SHP-00945,2025-10-04,East,Road,Standard,1904,172.29,0.99,High,Storm,51.38
SHP-00946,2025-07-17,West,Sea,Standard,2098,425.55,0.96,High,Rain,68.82
SHP-00947,2025-03-11,East,Rail,Express,1508,412.76,1.61,Low,Clear,26.94
SHP-00948,2025-04-22,North,Rail,Express,1911,193.75,7.81,Medium,Rain,31.48
SHP-00949,2025-01-04,West,Road,Standard,1209,738.15,1.6,Medium,Storm,36.51
SHP-00950,2025-12-16,North,Rail,Standard,1269,439.81,3.46,Medium,Clear,25.58
SHP-00951,2025-11-27,East,Rail,Express,182,523.14,2.51,High,Rain,17.32
SHP-00952,2025-11-14,North,Road,Standard,135,424.15,1.5,Low,Clear,13.98
SHP-00953,2025-12-16,North,Road,Standard,1549,193.25,4.8,Medium,Rain,39.06
SHP-00954,2025-04-05,South,Rail,Standard,1880,681.92,2.13,Low,Clear,38.65
SHP-00955,2025-06-01,South,Air,Standard,1253,458.9,5.79,Medium,Rain,16.76
SHP-00956,2025-11-07,South,Rail,Standard,2613,287.06,5.9,Low,Clear,44.29
SHP-00957,2025-05-17,East,Road,Standard,224,508.48,2.19,High,Rain,23.72
SHP-00958,2025-09-04,North,Air,Standard,2860,546.48,5.31,Medium,Clear,21.9
SHP-00959,2025-08-31,North,Road,Standard,2025,492.68,5.29,High,Clear,50.54
SHP-00960,2025-01-31,East,Road,Standard,627,232.49,2.63,Low,Clear,21.28
SHP-00961,2025-02-09,South,Road,Standard,1848,99.2,2.39,Low,Rain,43.36
SHP-00962,2025-08-17,East,Road,Express,2146,430.9,4.03,Low,Clear,44.98
SHP-00963,2025-02-05,East,Road,Standard,2625,292.65,9.82,Medium,Clear,58.55
SHP-00964,2025-08-11,West,Road,Standard,194,100.08,6.61,High,Clear,17.12
SHP-00965,2025-01-06,East,Road,Express,811,270.01,3.4,Medium,Rain,25.57
SHP-00966,2025-11-18,South,Road,Express,1427,336.28,0.6,Low,Clear,28.53
SHP-00967,2025-08-08,East,Rail,Standard,1875,279.45,3.17,Low,Rain,39.79
SHP-00968,2025-03-16,South,Rail,Standard,978,354.11,0.59,Low,Clear,21.1
SHP-00969,2025-01-04,South,Road,Express,843,183.96,0.85,High,Clear,20.11
SHP-00970,2025-12-01,West,Air,Express,1651,215.34,1.78,Medium,Clear,6.5
SHP-00971,2025-05-14,South,Road,Express,1710,383.59,3.46,Medium,Storm,43.29
SHP-00972,2025-04-28,West,Rail,Express,368,90.92,1.95,Medium,Clear,8.58
SHP-00973,2025-04-04,West,Road,Standard,1160,545.85,7.01,Low,Clear,32.98
SHP-00974,2025-03-03,West,Road,Standard,1626,222.24,3.18,Low,Clear,34.93
SHP-00975,2025-07-13,West,Rail,Standard,747,426.67,2.01,High,Clear,20.27
SHP-00976,2025-12-01,South,Rail,Standard,896,376.98,5.04,Medium,Clear,26.8
SHP-00977,2025-07-22,South,Sea,Standard,1851,289.02,1.85,Medium,Rain,63.65
SHP-00978,2025-01-26,East,Rail,Standard,832,218.26,3.52,Low,Clear,18.24
SHP-00979,2025-06-22,South,Sea,Standard,2139,336.69,0.5,Low,Clear,67.05
SHP-00980,2025-10-27,East,Road,Express,1166,283.48,1.82,Low,Clear,29.63
SHP-00981,2025-05-13,East,Road,Standard,1800,68.73,6.73,Low,Clear,44.26
SHP-00982,2025-11-22,East,Road,Standard,2626,48.27,4.35,Low,Rain,60.36
SHP-00983,2025-04-28,South,Road,Standard,1699,314.8,3.79,Medium,Clear,38.45
SHP-00984,2025-11-20,North,Rail,Standard,341,117.44,4.81,Low,Storm,22.23
SHP-00985,2025-10-02,South,Rail,Express,1018,492.06,6.77,Low,Clear,29.31
SHP-00986,2025-07-31,North,Road,Standard,1537,49.64,3.14,High,Rain,39.0
SHP-00987,2025-08-13,West,Sea,Express,1892,456.72,2.19,Medium,Clear,56.14
SHP-00988,2025-01-20,South,Air,Standard,146,419.64,5.27,High,Clear,15.1
SHP-00989,2025-04-23,North,Road,Standard,1168,264.24,2.79,Medium,Rain,34.35
SHP-00990,2025-05-20,North,Road,Standard,123,28.16,2.16,Medium,Rain,11.62
SHP-00991,2025-02-16,East,Road,Standard,1409,203.62,2.55,Low,Clear,30.18
SHP-00992,2025-01-01,East,Road,Express,1141,396.13,4.34,Medium,Clear,28.27
SHP-00993,2025-03-31,South,Road,Standard,807,20.0,0.68,Low,Clear,22.01
SHP-00994,2025-05-22,North,Rail,Express,1991,420.01,4.39,Low,Rain,34.64
SHP-00995,2025-11-16,South,Road,Standard,257,97.94,1.35,High,Clear,17.15
SHP-00996,2025-02-07,South,Road,Express,1294,59.01,1.94,Medium,Rain,34.06
SHP-00997,2025-10-20,East,Sea,Standard,1335,417.35,1.09,High,Clear,50.31
SHP-00998,2025-05-19,East,Air,Express,459,206.21,4.94,Medium,Clear,9.46
SHP-00999,2025-12-22,South,Sea,Standard,2428,325.66,3.79,Medium,Clear,81.69
SHP-01000,2025-11-29,North,Road,Standard,2441,267.78,1.35,Medium,Clear,49.23
SHP-01001,2025-09-16,West,Road,Standard,820,184.31,5.45,Medium,Clear,22.71
SHP-01002,2025-06-10,South,Rail,Express,1893,30.55,0.86,Medium,Clear,30.43
SHP-01003,2025-06-27,East,Road,Standard,123,353.27,2.44,High,Rain,15.12
SHP-01004,2025-01-10,North,Road,Standard,1710,406.94,1.03,Low,Clear,34.56
SHP-01005,2025-09-18,South,Air,Express,303,306.99,2.84,Medium,Rain,14.59
SHP-01006,2025-05-18,North,Rail,Standard,869,336.08,2.16,Medium,Clear,27.05
SHP-01007,2025-06-21,South,Road,Standard,1035,273.07,1.24,Low,Storm,30.1
SHP-01008,2025-01-13,West,Rail,Standard,381,204.84,3.21,Medium,Storm,20.73
SHP-01009,2025-06-17,South,Road,Standard,1471,539.65,1.43,Medium,Rain,36.56
SHP-01010,2025-05-10,North,Road,Express,2844,578.4,0.5,Low,Rain,59.77
SHP-01011,2025-03-25,North,Road,Express,885,744.67,0.83,Low,Clear,23.25
SHP-01012,2025-11-17,South,Road,Standard,1741,662.1,2.41,Medium,Rain,37.62
SHP-01013,2025-11-15,North,Road,Express,504,277.0,2.66,Medium,Storm,22.0
SHP-01014,2025-04-11,North,Sea,Standard,1979,160.07,1.72,Medium,Clear,60.15
SHP-01015,2025-11-25,East,Rail,Standard,1188,84.49,7.55,Low,Clear,33.54
SHP-01016,2025-09-30,South,Air,Standard,362,408.23,3.98,Low,Clear,11.12
SHP-01017,2025-09-22,South,Road,Standard,1067,345.99,4.19,High,Clear,30.09
SHP-01018,2025-02-07,West,Road,Standard,277,324.14,1.59,High,Clear,15.29
SHP-01019,2025-04-04,North,Road,Express,2931,349.31,1.44,Medium,Clear,57.03
SHP-01020,2025-04-05,West,Road,Express,907,378.79,3.62,High,Clear,27.65
SHP-01021,2025-11-01,South,Road,Standard,1318,744.27,2.63,Medium,Storm,42.68
SHP-01022,2025-03-10,West,Air,Standard,2915,299.71,3.85,Low,Clear,14.41
SHP-01023,2025-11-14,East,Air,Express,1067,373.89,2.6,Low,Rain,16.08
SHP-01024,2025-08-24,West,Rail,Express,2625,183.54,5.07,High,Clear,52.69
SHP-01025,2025-11-30,West,Rail,Express,999,809.33,3.23,Medium,Clear,18.58
SHP-01026,2025-05-17,South,Sea,Standard,476,55.48,2.84,High,Clear,25.53
SHP-01027,2025-03-17,West,Road,Express,2139,560.55,4.41,High,Clear,54.47
SHP-01028,2025-02-04,South,Road,Standard,514,310.41,8.19,Medium,Clear,26.15
SHP-01029,2025-01-01,South,Road,Standard,1695,216.91,4.88,Low,Clear,38.79
SHP-01030,2025-10-23,South,Air,Standard,327,88.76,1.16,Low,Clear,9.54
SHP-01031,2025-11-16,East,Sea,Standard,2933,417.06,2.79,Low,Clear,101.01
SHP-01032,2025-03-01,North,Road,Standard,68,132.45,2.85,Low,Clear,8.39
SHP-01033,2025-11-16,East,Sea,Standard,115,508.88,3.92,Medium,Clear,12.09
SHP-01034,2025-12-15,East,Air,Standard,216,230.2,2.4,Low,Clear,8.88
SHP-01035,2025-11-24,West,Road,Express,1658,64.25,3.17,Low,Clear,35.16
SHP-01036,2025-09-24,West,Road,Standard,452,278.41,3.34,Medium,Clear,15.87
SHP-01037,2025-12-27,South,Road,Standard,458,259.82,3.78,Medium,Clear,19.38
SHP-01038,2025-08-17,South,Sea,Standard,2209,513.0,1.16,Medium,Clear,67.49
SHP-01039,2025-09-27,North,Road,Express,646,430.51,1.29,Medium,Clear,14.36
SHP-01040,2025-11-12,North,Air,Standard,2748,83.29,9.72,Medium,Clear,24.85
SHP-01041,2025-10-13,North,Road,Standard,1112,453.25,0.54,High,Clear,25.04
SHP-01042,2025-10-18,South,Air,Standard,2202,178.11,3.32,Low,Rain,19.81
SHP-01043,2025-08-01,South,Road,Express,373,167.78,4.88,Low,Clear,6.66
SHP-01044,2025-06-14,West,Rail,Express,2032,397.5,1.49,High,Clear,31.85
SHP-01045,2025-01-05,East,Air,Standard,1487,162.43,6.59,Medium,Storm,21.65
SHP-01046,2025-12-05,South,Air,Standard,478,621.62,3.25,High,Rain,17.32
SHP-01047,2025-03-19,East,Sea,Express,2732,57.33,8.35,Low,Clear,90.88
SHP-01048,2025-03-03,North,Road,Standard,2827,250.89,1.6,High,Storm,68.15
SHP-01049,2025-05-12,South,Air,Standard,2986,255.09,2.81,High,Clear,21.2
SHP-01050,2025-03-30,East,Road,Standard,1134,103.67,2.24,Medium,Clear,31.19
SHP-01051,2025-08-25,South,Road,Standard,1685,188.94,2.02,Low,Storm,40.82
SHP-01052,2025-02-11,South,Rail,Standard,1427,175.32,2.11,High,Rain,34.15
SHP-01053,2025-03-30,West,Road,Standard,442,57.64,2.52,High,Clear,15.71
SHP-01054,2025-10-23,West,Rail,Standard,2301,136.04,2.39,High,Rain,46.42
SHP-01055,2025-11-24,East,Sea,Express,2355,225.81,5.24,Low,Rain,75.66
SHP-01056,2025-10-22,East,Road,Standard,2583,214.44,4.97,High,Clear,58.6
SHP-01057,2025-04-14,East,Air,Express,1590,412.9,0.9,Low,Clear,9.59
SHP-01058,2025-01-14,North,Road,Standard,495,583.41,2.11,Low,Clear,16.43
SHP-01059,2025-10-15,South,Road,Standard,1253,196.02,4.05,Medium,Storm,42.14
SHP-01060,2025-06-28,North,Road,Standard,1073,89.67,3.81,Low,Clear,22.18
SHP-01061,2025-05-05,South,Sea,Express,391,336.53,2.71,Medium,Rain,18.98
SHP-01062,2025-12-19,East,Sea,Express,182,224.51,3.16,Medium,Clear,9.63
SHP-01063,2025-01-23,North,Sea,Standard,2540,481.63,2.44,Low,Clear,82.23
SHP-01064,2025-03-04,West,Sea,Express,1909,229.22,5.53,Medium,Clear,64.6
SHP-01065,2025-05-23,West,Road,Standard,2350,258.59,5.16,High,Rain,59.81
SHP-01066,2025-06-02,East,Road,Express,314,217.88,2.58,Low,Clear,8.36
SHP-01067,2025-05-25,East,Air,Express,142,632.5,3.06,Medium,Clear,10.37
SHP-01068,2025-08-13,West,Rail,Express,1735,275.23,2.59,Medium,Clear,25.85
SHP-01069,2025-11-05,North,Road,Standard,1484,509.85,2.88,Medium,Clear,30.7
SHP-01070,2025-04-14,West,Road,Standard,2235,194.93,6.06,Low,Clear,46.45
SHP-01071,2025-04-14,North,Rail,Standard,1281,383.65,2.39,Medium,Rain,28.57
SHP-01072,2025-02-08,West,Rail,Standard,1051,421.16,2.03,Low,Clear,23.99
SHP-01073,2025-07-17,South,Road,Standard,1710,199.77,3.04,High,Clear,34.24
SHP-01074,2025-05-14,West,Rail,Standard,1646,434.59,10.08,Medium,Clear,41.99
SHP-01075,2025-03-08,West,Rail,Standard,2404,58.74,2.57,Medium,Storm,49.05
SHP-01076,2025-06-28,North,Rail,Standard,315,301.9,1.82,Medium,Clear,7.61
SHP-01077,2025-02-11,South,Road,Standard,695,389.85,4.74,Medium,Clear,23.58
SHP-01078,2025-01-15,West,Air,Standard,2415,140.36,5.07,Medium,Clear,21.64
SHP-01079,2025-04-21,South,Road,Express,1186,169.8,3.44,Medium,Clear,29.7
SHP-01080,2025-06-06,West,Road,Standard,2998,98.14,1.96,Medium,Clear,65.72
SHP-01081,2025-10-16,East,Air,Standard,1451,107.13,5.55,Low,Clear,10.56
SHP-01082,2025-08-19,South,Rail,Express,503,127.29,1.25,Low,Rain,11.07
SHP-01083,2025-06-06,South,Road,Standard,2288,433.03,0.5,Medium,Clear,46.35
SHP-01084,2025-02-07,North,Air,Standard,1964,133.8,2.73,High,Clear,22.95
SHP-01085,2025-04-07,West,Rail,Standard,1513,34.94,9.54,Low,Clear,35.54
SHP-01086,2025-10-16,South,Air,Standard,1260,355.89,3.5,Low,Clear,20.9
SHP-01087,2025-09-11,East,Air,Express,880,38.11,2.49,Low,Clear,5.96
SHP-01088,2025-07-15,South,Rail,Standard,1440,238.51,4.19,High,Rain,33.4
SHP-01089,2025-03-27,East,Rail,Standard,1162,197.09,4.18,High,Rain,31.6
SHP-01090,2025-11-18,West,Road,Standard,2284,188.12,6.46,Medium,Rain,59.09
SHP-01091,2025-01-10,West,Road,Standard,2916,67.74,1.73,High,Clear,62.62
SHP-01092,2025-01-05,South,Road,Express,2019,328.95,4.28,Medium,Rain,46.29
SHP-01093,2025-05-03,West,Rail,Standard,2229,132.28,3.04,High,Clear,43.91
SHP-01094,2025-11-26,West,Rail,Standard,921,412.71,3.29,Low,Rain,23.16
SHP-01095,2025-12-19,East,Road,Standard,684,341.42,2.96,Low,Storm,24.71
SHP-01096,2025-04-28,West,Road,Standard,1449,571.01,2.93,Medium,Clear,35.29
SHP-01097,2025-10-21,North,Rail,Standard,740,266.8,0.92,Medium,Clear,17.12
SHP-01098,2025-06-08,North,Road,Express,2789,359.03,2.31,Medium,Clear,55.96
SHP-01099,2025-10-30,West,Air,Express,1915,154.62,2.98,Medium,Rain,16.98
SHP-01100,2025-08-16,South,Road,Express,1107,39.81,3.94,Medium,Clear,31.92
SHP-01101,2025-12-31,West,Rail,Express,2005,132.26,3.31,Low,Storm,36.6
SHP-01102,2025-08-04,West,Sea,Standard,631,345.97,3.22,Low,Clear,24.59
SHP-01103,2025-07-03,North,Road,Standard,2268,296.56,4.51,High,Clear,51.59
SHP-01104,2025-01-15,West,Rail,Express,1439,200.31,7.19,High,Clear,33.11
SHP-01105,2025-06-06,South,Road,Express,833,178.55,2.72,High,Rain,24.34
SHP-01106,2025-05-16,East,Rail,Express,230,92.68,1.71,Medium,Clear,9.43
SHP-01107,2025-09-18,East,Rail,Standard,68,197.33,5.51,Medium,Clear,15.71
SHP-01108,2025-06-06,West,Road,Standard,1299,193.12,4.25,Medium,Clear,25.82
SHP-01109,2025-02-16,North,Rail,Express,2978,552.5,2.58,Low,Clear,48.28
SHP-01110,2025-11-20,South,Sea,Express,1666,325.59,0.5,Low,Rain,51.08
SHP-01111,2025-11-28,East,Road,Express,2272,267.74,5.61,Low,Clear,49.8
SHP-01112,2025-06-22,East,Road,Standard,1295,285.77,1.67,High,Rain,34.54
SHP-01113,2025-05-10,East,Sea,Standard,1688,625.95,2.73,Low,Storm,66.3
SHP-01114,2025-04-05,North,Rail,Standard,103,175.58,2.52,High,Clear,15.36
SHP-01115,2025-04-25,South,Sea,Express,2792,155.8,5.78,Medium,Rain,91.55
SHP-01116,2025-08-31,South,Rail,Standard,2960,653.77,3.76,Medium,Storm,60.97
SHP-01117,2025-10-19,West,Air,Standard,1476,398.37,1.31,Low,Rain,11.06
SHP-01118,2025-10-09,South,Road,Express,2446,146.14,11.39,Low,Rain,55.38
SHP-01119,2025-10-26,North,Air,Standard,492,664.15,4.4,High,Clear,17.19
SHP-01120,2025-10-10,West,Sea,Express,2930,188.09,1.94,Low,Clear,84.95
SHP-01121,2025-03-10,North,Rail,Standard,629,188.17,6.86,Low,Clear,23.25
SHP-01122,2025-05-28,West,Road,Express,331,73.73,3.13,Low,Rain,11.31
SHP-01123,2025-01-11,East,Road,Standard,2457,92.91,2.84,Low,Storm,59.95
SHP-01124,2025-09-11,West,Road,Express,872,459.68,2.96,Low,Clear,26.86
SHP-01125,2025-11-26,South,Road,Express,2989,220.34,3.11,Medium,Clear,58.39
SHP-01126,2025-12-26,North,Road,Standard,1719,238.3,3.04,Medium,Clear,40.1
SHP-01127,2025-02-07,East,Rail,Standard,690,552.48,2.87,Medium,Rain,25.0
SHP-01128,2025-05-14,West,Rail,Standard,1081,343.54,2.17,Low,Clear,25.24
SHP-01129,2025-07-19,East,Road,Standard,2066,93.64,1.84,High,Clear,48.1
SHP-01130,2025-01-23,North,Rail,Express,612,519.18,3.47,High,Clear,16.57
SHP-01131,2025-10-30,East,Road,Standard,2588,472.38,1.86,Low,Clear,53.96
SHP-01132,2025-12-12,West,Road,Standard,390,220.83,3.85,Medium,Clear,20.95
SHP-01133,2025-10-29,East,Road,Standard,521,79.14,6.66,Low,Rain,21.25
SHP-01134,2025-12-29,West,Rail,Express,1760,315.38,3.1,High,Clear,34.48
SHP-01135,2025-08-06,West,Road,Express,2346,110.53,3.57,Medium,Storm,53.52
SHP-01136,2025-05-21,East,Road,Standard,284,200.63,5.79,High,Clear,21.92
SHP-01137,2025-04-14,North,Road,Standard,1156,211.62,2.7,Low,Clear,28.33
SHP-01138,2025-07-29,South,Air,Standard,1166,118.37,2.09,Medium,Clear,9.12
SHP-01139,2025-04-21,North,Road,Standard,1958,568.67,0.5,Low,Storm,44.42
SHP-01140,2025-04-14,South,Rail,Standard,1467,144.74,3.37,Medium,Rain,26.21
SHP-01141,2025-11-12,South,Air,Standard,873,545.75,2.1,Medium,Clear,9.31
SHP-01142,2025-06-20,North,Air,Standard,1341,263.76,2.57,Low,Rain,15.67
SHP-01143,2025-12-22,South,Sea,Standard,681,70.29,0.51,Medium,Clear,30.42
SHP-01144,2025-11-20,North,Road,Standard,578,223.39,2.57,Medium,Clear,20.83
SHP-01145,2025-05-13,West,Road,Standard,2030,563.89,1.36,High,Clear,49.74
SHP-01146,2025-10-20,West,Sea,Standard,2219,217.13,1.16,Low,Rain,71.02
SHP-01147,2025-11-24,North,Rail,Express,2989,139.51,1.5,High,Clear,52.36
SHP-01148,2025-05-07,West,Rail,Express,2107,458.6,1.37,High,Clear,38.97
SHP-01149,2025-04-16,East,Air,Standard,1389,127.13,5.22,High,Clear,24.15
SHP-01150,2025-04-02,South,Air,Standard,2935,195.82,5.98,High,Clear,23.77
SHP-01151,2025-10-14,North,Sea,Express,1346,233.88,3.41,High,Clear,51.39
SHP-01152,2025-02-20,South,Sea,Express,1379,197.88,8.24,Medium,Clear,52.0
SHP-01153,2025-01-29,West,Air,Standard,1283,255.16,2.48,Low,Clear,13.53
SHP-01154,2025-10-23,East,Road,Standard,2031,213.58,0.5,Medium,Storm,44.59
SHP-01155,2025-10-24,North,Sea,Standard,1803,116.03,1.66,Medium,Clear,61.72
SHP-01156,2025-08-02,North,Road,Standard,2850,183.61,2.99,High,Clear,62.95
SHP-01157,2025-09-24,South,Road,Standard,2983,345.5,1.52,Medium,Clear,61.06
SHP-01158,2025-09-14,South,Sea,Standard,2561,539.47,3.2,Low,Clear,76.93
SHP-01159,2025-10-29,North,Road,Standard,2809,86.8,4.59,Medium,Rain,62.63
SHP-01160,2025-04-11,South,Road,Standard,2825,101.7,1.5,High,Clear,62.24
SHP-01161,2025-12-12,West,Road,Standard,2814,381.78,7.27,Low,Rain,60.08
SHP-01162,2025-04-20,West,Sea,Standard,1998,705.5,9.88,Medium,Rain,69.43
SHP-01163,2025-07-01,South,Rail,Standard,2177,153.88,8.82,Medium,Rain,47.91
SHP-01164,2025-11-09,West,Air,Standard,2577,112.24,0.68,Low,Clear,16.68
SHP-01165,2025-01-01,South,Road,Standard,951,504.42,2.18,Low,Clear,25.25
SHP-01166,2025-11-15,South,Air,Express,940,491.26,3.7,Medium,Clear,13.6
SHP-01167,2025-02-24,North,Air,Standard,1620,28.58,1.04,High,Rain,16.96
SHP-01168,2025-05-29,East,Road,Express,1874,48.82,1.13,Low,Clear,37.33
SHP-01169,2025-11-05,West,Road,Express,2115,99.45,0.63,Medium,Clear,39.63
SHP-01170,2025-05-17,East,Road,Standard,1238,391.95,3.18,High,Clear,30.8
SHP-01171,2025-07-21,South,Sea,Standard,1598,237.7,3.86,High,Rain,65.97
SHP-01172,2025-11-09,East,Rail,Standard,251,286.51,5.81,High,Rain,23.77
SHP-01173,2025-04-27,North,Sea,Express,790,603.56,4.25,Medium,Clear,25.49
SHP-01174,2025-06-03,West,Road,Express,1419,141.79,4.69,High,Clear,36.3
SHP-01175,2025-10-18,South,Air,Express,1439,308.39,0.79,Low,Clear,7.55
SHP-01176,2025-03-04,South,Air,Standard,2050,400.18,3.61,Medium,Clear,15.82
SHP-01177,2025-09-01,East,Air,Standard,1521,170.22,2.93,Medium,Rain,15.3
SHP-01178,2025-01-25,East,Sea,Standard,1586,108.22,1.92,Low,Rain,55.56
SHP-01179,2025-03-31,North,Road,Standard,368,485.61,2.39,Medium,Clear,17.67
SHP-01180,2025-03-16,East,Road,Standard,2314,298.97,3.87,Low,Clear,52.13
SHP-01181,2025-10-21,North,Air,Standard,1107,67.96,4.87,High,Rain,18.08
SHP-01182,2025-07-29,East,Air,Express,1944,603.77,9.14,Medium,Storm,23.77
SHP-01183,2025-12-13,West,Rail,Standard,2363,329.03,4.02,Medium,Storm,52.38
SHP-01184,2025-01-17,West,Road,Standard,773,423.31,5.19,Low,Rain,26.77
SHP-01185,2025-05-08,East,Rail,Standard,2872,264.46,5.07,Low,Clear,50.95
SHP-01186,2025-12-30,East,Road,Express,1750,134.85,6.02,High,Rain,45.43
SHP-01187,2025-09-08,North,Road,Express,462,279.73,1.35,High,Rain,18.87
SHP-01188,2025-06-28,West,Rail,Standard,1325,527.94,3.24,High,Rain,32.05
SHP-01189,2025-07-01,South,Air,Standard,450,196.89,1.57,Low,Clear,10.44
SHP-01190,2025-06-01,South,Road,Standard,1889,108.58,1.65,Low,Storm,43.52
SHP-01191,2025-01-25,South,Road,Express,773,1048.49,4.09,Medium,Clear,20.96
SHP-01192,2025-06-29,North,Road,Standard,2379,275.0,4.14,Medium,Clear,54.61
SHP-01193,2025-07-17,East,Road,Standard,1185,277.34,3.99,Low,Clear,27.06
SHP-01194,2025-12-10,North,Air,Standard,2820,204.42,2.07,Medium,Clear,12.54
SHP-01195,2025-06-10,East,Sea,Standard,800,305.94,3.3,Medium,Clear,32.98
SHP-01196,2025-06-26,South,Road,Express,317,422.8,2.56,Low,Clear,5.23
SHP-01197,2025-10-12,North,Air,Standard,2395,365.17,3.99,Medium,Rain,15.63
SHP-01198,2025-03-04,East,Sea,Standard,1390,494.06,5.91,Medium,Rain,56.16
SHP-01199,2025-05-30,North,Air,Standard,619,279.33,1.51,Medium,Rain,11.0
SHP-01200,2025-06-03,South,Road,Standard,2606,196.95,3.07,Medium,Clear,60.34
SHP-01201,2025-06-05,East,Sea,Express,2023,500.21,5.18,Medium,Rain,64.82
SHP-01202,2025-02-18,North,Road,Standard,595,562.0,0.85,Low,Clear,16.52
SHP-01203,2025-12-03,West,Road,Express,2872,194.43,5.48,High,Clear,64.12
SHP-01204,2025-03-25,North,Road,Express,414,110.46,0.5,High,Clear,10.56
SHP-01205,2025-12-27,North,Rail,Standard,596,240.76,1.35,Medium,Rain,20.98
SHP-01206,2025-06-26,East,Road,Standard,320,121.35,2.97,Low,Clear,15.26
SHP-01207,2025-05-28,South,Road,Standard,788,222.75,2.51,Medium,Clear,18.22
SHP-01208,2025-04-28,North,Road,Express,2634,323.26,2.31,Medium,Clear,53.0
SHP-01209,2025-12-08,South,Air,Standard,1307,107.58,8.68,High,Clear,21.69
SHP-01210,2025-03-04,South,Sea,Standard,108,235.26,1.21,High,Storm,18.08
SHP-01211,2025-07-08,West,Road,Standard,1324,248.67,4.2,High,Storm,38.46
SHP-01212,2025-12-26,South,Sea,Express,1920,437.43,8.88,Low,Clear,65.01
SHP-01213,2025-02-18,West,Sea,Standard,135,576.75,5.28,High,Clear,24.62
SHP-01214,2025-11-23,West,Air,Standard,812,192.66,3.89,Medium,Clear,11.05
SHP-01215,2025-09-14,South,Road,Standard,439,797.2,3.59,High,Rain,28.08
SHP-01216,2025-08-12,West,Air,Standard,1253,389.93,2.29,Medium,Clear,10.52
SHP-01217,2025-05-21,South,Sea,Express,768,180.17,2.18,Medium,Clear,27.99
SHP-01218,2025-08-03,West,Air,Standard,2953,189.82,1.03,Medium,Clear,19.52
SHP-01219,2025-07-30,North,Road,Express,198,175.8,5.7,Low,Clear,9.61
SHP-01220,2025-11-14,East,Rail,Standard,632,166.9,1.12,Medium,Clear,16.23
SHP-01221,2025-02-01,South,Rail,Standard,170,524.29,2.93,High,Clear,17.09
SHP-01222,2025-06-07,South,Rail,Standard,2862,415.98,2.46,Low,Clear,54.03
SHP-01223,2025-10-12,East,Road,Standard,2702,204.31,3.48,Low,Clear,58.45
SHP-01224,2025-11-01,East,Road,Standard,2353,142.58,4.56,Low,Storm,56.37
SHP-01225,2025-10-13,North,Air,Standard,815,485.28,2.24,Medium,Clear,10.56
SHP-01226,2025-05-24,North,Sea,Standard,2961,272.25,1.34,High,Clear,102.57
SHP-01227,2025-01-19,East,Road,Standard,849,93.6,1.86,Low,Storm,28.88
SHP-01228,2025-01-18,East,Sea,Standard,2156,26.53,1.55,Low,Rain,68.52
SHP-01229,2025-09-14,West,Road,Express,1071,209.41,9.02,High,Clear,29.42
SHP-01230,2025-03-19,West,Air,Standard,1519,290.72,6.68,High,Rain,16.33
SHP-01231,2025-06-24,West,Air,Standard,2485,339.3,1.0,Low,Clear,15.43
SHP-01232,2025-07-13,East,Air,Standard,1159,604.5,2.49,High,Rain,20.6
SHP-01233,2025-04-23,South,Sea,Express,2883,60.16,1.5,Medium,Storm,91.9
SHP-01234,2025-04-24,North,Road,Express,1300,274.24,1.89,High,Clear,31.42
SHP-01235,2025-08-10,West,Sea,Standard,2690,236.53,2.08,Medium,Clear,81.56
SHP-01236,2025-06-15,East,Road,Express,1699,111.18,1.62,High,Clear,39.67
SHP-01237,2025-11-15,North,Air,Standard,1865,447.14,5.39,Low,Clear,16.87
SHP-01238,2025-05-12,South,Air,Standard,1395,203.89,3.82,Low,Clear,11.22
SHP-01239,2025-09-21,West,Air,Express,1391,234.52,3.62,Medium,Rain,18.07
SHP-01240,2025-02-24,South,Road,Express,2663,133.29,7.13,Medium,Clear,54.95
SHP-01241,2025-12-25,South,Sea,Standard,2496,268.41,5.16,High,Clear,85.94
SHP-01242,2025-05-11,South,Road,Express,1782,351.19,3.12,Medium,Clear,41.31
SHP-01243,2025-10-15,North,Road,Standard,948,266.44,3.68,Low,Clear,24.66
SHP-01244,2025-09-23,South,Air,Express,2390,173.52,5.69,Medium,Clear,15.43
SHP-01245,2025-06-11,South,Rail,Standard,534,370.9,5.46,Medium,Clear,14.49
SHP-01246,2025-03-28,North,Air,Standard,852,377.92,0.5,High,Rain,18.85
SHP-01247,2025-02-24,West,Road,Standard,1765,344.77,4.09,Medium,Clear,41.47
SHP-01248,2025-10-15,South,Road,Standard,1965,440.52,3.29,Medium,Rain,48.97
SHP-01249,2025-06-27,West,Air,Standard,1807,176.68,4.71,Medium,Clear,18.14
SHP-01250,2025-12-15,West,Rail,Standard,1859,157.79,0.67,High,Storm,40.71
SHP-01251,2025-01-08,North,Road,Standard,2987,138.19,6.0,Medium,Rain,66.42
SHP-01252,2025-11-17,East,Air,Standard,2341,101.65,4.89,Low,Clear,21.13
SHP-01253,2025-11-09,South,Rail,Standard,1493,156.7,2.39,High,Clear,29.5
SHP-01254,2025-09-04,West,Rail,Standard,2002,168.88,8.24,Medium,Clear,47.72
SHP-01255,2025-11-19,North,Rail,Standard,2913,138.91,1.33,Medium,Storm,52.59
SHP-01256,2025-09-12,East,Air,Express,2370,232.69,3.53,High,Clear,14.36
SHP-01257,2025-11-24,East,Air,Express,1720,77.77,2.06,High,Clear,14.79
SHP-01258,2025-02-23,South,Air,Express,1898,440.45,1.75,High,Clear,21.42
SHP-01259,2025-09-06,North,Road,Standard,569,219.06,2.91,High,Rain,18.12
SHP-01260,2025-08-27,East,Air,Express,1201,289.09,0.73,Low,Clear,7.06
SHP-01261,2025-08-17,East,Air,Standard,1446,106.98,4.89,Medium,Clear,17.08
SHP-01262,2025-03-08,South,Air,Standard,2665,240.69,12.1,Medium,Clear,24.92
SHP-01263,2025-02-20,East,Road,Standard,2735,338.11,1.29,Medium,Clear,59.35
SHP-01264,2025-04-07,South,Sea,Express,2256,269.35,7.07,High,Clear,74.51
SHP-01265,2025-04-02,East,Air,Standard,701,483.39,5.79,High,Clear,15.61
SHP-01266,2025-09-21,North,Road,Standard,2273,298.75,0.91,Medium,Rain,50.01
SHP-01267,2025-10-18,West,Road,Standard,2000,74.71,1.22,High,Rain,45.3
SHP-01268,2025-04-06,South,Sea,Express,2717,176.47,3.49,Low,Rain,84.38
SHP-01269,2025-03-29,South,Road,Standard,260,98.3,4.71,Medium,Clear,13.74
SHP-01270,2025-03-19,North,Sea,Standard,2544,425.17,6.09,Medium,Rain,84.48
SHP-01271,2025-10-15,North,Air,Standard,635,239.1,2.98,Medium,Clear,11.67
SHP-01272,2025-04-30,East,Rail,Standard,216,501.82,3.21,Low,Clear,6.28
SHP-01273,2025-10-29,North,Road,Standard,2557,78.78,1.01,High,Storm,61.68
SHP-01274,2025-06-14,West,Road,Standard,1306,182.24,7.1,Medium,Rain,44.6
SHP-01275,2025-07-01,North,Sea,Express,1255,301.85,5.86,High,Clear,43.45
SHP-01276,2025-08-11,South,Road,Standard,1788,153.15,4.28,Medium,Rain,48.31
SHP-01277,2025-11-07,South,Air,Standard,1102,77.41,3.06,Low,Storm,17.25
SHP-01278,2025-01-07,North,Road,Standard,763,569.42,7.06,Medium,Clear,24.21
SHP-01279,2025-11-26,North,Road,Standard,2938,442.63,1.27,Medium,Clear,57.07
SHP-01280,2025-09-20,South,Road,Standard,2965,153.12,3.67,High,Rain,68.81
SHP-01281,2025-06-10,South,Rail,Standard,737,258.47,9.17,Low,Clear,27.15
SHP-01282,2025-05-31,South,Sea,Standard,379,104.07,1.25,High,Clear,20.25
SHP-01283,2025-03-26,East,Road,Express,1796,167.77,10.53,High,Rain,49.56
SHP-01284,2025-05-27,East,Road,Standard,1257,73.99,5.61,High,Clear,40.2
SHP-01285,2025-04-22,North,Road,Standard,2192,776.52,4.82,Medium,Clear,51.66
SHP-01286,2025-02-05,South,Rail,Express,834,259.45,6.95,High,Clear,19.3
SHP-01287,2025-10-12,West,Road,Standard,2746,174.95,6.16,Medium,Clear,61.41
SHP-01288,2025-07-07,East,Sea,Express,2450,57.75,0.9,Low,Storm,83.8
SHP-01289,2025-03-23,East,Rail,Standard,990,195.86,0.87,Low,Rain,22.48
SHP-01290,2025-01-02,South,Rail,Standard,1338,175.07,2.12,High,Clear,22.24
SHP-01291,2025-10-30,West,Road,Express,1729,133.48,3.9,Low,Storm,43.53
SHP-01292,2025-07-16,West,Sea,Standard,2743,180.43,6.39,Medium,Storm,95.14
SHP-01293,2025-01-11,East,Road,Standard,675,87.63,2.64,Low,Clear,14.4
SHP-01294,2025-08-22,West,Road,Express,188,475.54,1.76,Low,Storm,8.21
SHP-01295,2025-07-14,North,Air,Standard,2813,437.89,5.4,Low,Clear,21.51
SHP-01296,2025-04-29,North,Rail,Standard,811,530.49,2.57,High,Clear,21.11
SHP-01297,2025-01-20,West,Road,Standard,1883,51.33,4.06,Medium,Clear,40.94
SHP-01298,2025-09-18,West,Road,Express,2352,747.23,3.18,High,Rain,54.46
SHP-01299,2025-10-20,North,Air,Express,1605,221.06,1.84,Medium,Clear,8.13
SHP-01300,2025-09-13,North,Road,Standard,725,74.22,1.9,High,Rain,26.02
SHP-01301,2025-08-10,North,Air,Standard,141,94.62,1.25,Medium,Rain,8.94
SHP-01302,2025-08-14,South,Rail,Express,1142,230.49,6.56,Medium,Clear,21.48
SHP-01303,2025-02-22,West,Road,Standard,86,308.22,2.35,Medium,Clear,8.55
SHP-01304,2025-12-21,East,Rail,Standard,1837,153.57,1.79,Medium,Clear,36.14
SHP-01305,2025-12-08,South,Road,Express,2237,166.21,0.67,High,Clear,48.05
SHP-01306,2025-12-30,South,Air,Express,2964,146.65,0.55,Medium,Clear,13.77
SHP-01307,2025-10-07,North,Rail,Express,2777,393.04,1.32,High,Clear,53.06
SHP-01308,2025-03-22,South,Road,Standard,1251,129.35,4.02,High,Clear,37.65
SHP-01309,2025-07-21,East,Rail,Standard,1886,128.42,3.27,Low,Clear,37.65
SHP-01310,2025-06-07,West,Sea,Standard,1944,771.86,2.52,Medium,Clear,64.39
SHP-01311,2025-04-30,West,Road,Standard,186,107.76,1.33,Low,Rain,12.0
SHP-01312,2025-02-28,North,Sea,Standard,2287,79.75,0.61,Medium,Storm,76.63
SHP-01313,2025-08-03,West,Road,Express,1713,232.59,1.8,Medium,Rain,40.48
SHP-01314,2025-05-08,West,Road,Standard,2439,154.39,2.55,High,Clear,55.46
SHP-01315,2025-08-12,West,Road,Express,1632,254.49,4.96,Low,Clear,36.24
SHP-01316,2025-07-28,South,Road,Standard,1021,421.37,0.93,Low,Rain,27.38
SHP-01317,2025-04-25,South,Road,Standard,711,209.13,2.41,Low,Storm,25.99
SHP-01318,2025-07-28,South,Road,Standard,2340,267.58,1.28,Medium,Clear,59.22
SHP-01319,2025-01-14,North,Sea,Standard,1860,447.87,2.07,High,Clear,62.37
SHP-01320,2025-01-09,North,Air,Standard,464,284.85,10.18,High,Clear,16.58
SHP-01321,2025-02-09,North,Air,Express,2804,154.66,1.54,Medium,Rain,17.82
SHP-01322,2025-08-25,South,Road,Express,392,457.9,1.32,High,Clear,13.52
SHP-01323,2025-10-08,East,Road,Standard,2779,316.77,14.18,Medium,Clear,67.76
SHP-01324,2025-12-25,South,Road,Standard,2750,633.74,4.58,Low,Rain,58.13
SHP-01325,2025-07-20,North,Air,Express,195,517.49,4.37,Low,Clear,7.68
SHP-01326,2025-09-03,West,Sea,Standard,372,153.96,1.6,High,Clear,22.87
SHP-01327,2025-10-05,West,Road,Standard,2219,250.86,10.06,Medium,Clear,53.62
SHP-01328,2025-08-23,West,Road,Standard,1325,213.74,0.98,Medium,Clear,33.59
SHP-01329,2025-01-04,West,Rail,Express,1928,51.61,6.12,Medium,Clear,29.94
SHP-01330,2025-06-03,East,Road,Standard,2408,104.65,6.64,Medium,Clear,53.8
SHP-01331,2025-01-29,West,Road,Standard,650,764.28,7.56,High,Clear,27.42
SHP-01332,2025-04-19,North,Rail,Express,524,101.08,8.11,Low,Rain,13.7
SHP-01333,2025-04-08,South,Air,Standard,2667,155.4,2.63,High,Rain,17.35
SHP-01334,2025-08-03,North,Road,Standard,1565,166.26,3.84,Medium,Clear,36.66
SHP-01335,2025-10-20,North,Road,Standard,624,194.21,3.27,Low,Clear,20.67
SHP-01336,2025-03-16,North,Sea,Express,396,171.85,1.42,Medium,Rain,21.48
SHP-01337,2025-11-22,East,Road,Standard,2917,667.0,2.51,Medium,Clear,61.28
SHP-01338,2025-05-26,West,Road,Express,1560,109.01,6.65,Medium,Clear,39.01
SHP-01339,2025-05-08,East,Road,Standard,431,27.42,1.04,Medium,Clear,17.57
SHP-01340,2025-12-07,North,Road,Standard,1353,240.85,5.3,Medium,Clear,38.59
SHP-01341,2025-02-11,West,Road,Express,121,302.53,5.46,High,Clear,12.0
SHP-01342,2025-12-22,East,Air,Standard,2618,376.16,3.37,Medium,Rain,15.42
SHP-01343,2025-02-10,South,Road,Standard,1167,682.42,5.65,Low,Clear,31.69
SHP-01344,2025-02-03,East,Road,Standard,1446,139.57,1.45,Medium,Storm,37.55
SHP-01345,2025-01-17,North,Air,Standard,2436,20.0,1.26,Medium,Clear,12.92
SHP-01346,2025-06-14,South,Rail,Standard,1409,122.72,2.33,Low,Rain,28.16
SHP-01347,2025-06-02,West,Sea,Standard,713,78.34,3.93,High,Clear,31.72
SHP-01348,2025-03-17,South,Sea,Standard,1565,331.23,9.6,Medium,Clear,59.34
SHP-01349,2025-03-28,South,Road,Express,1941,307.75,3.36,High,Clear,46.88
SHP-01350,2025-04-27,West,Air,Standard,89,311.95,2.35,High,Clear,10.72
SHP-01351,2025-12-28,East,Rail,Express,1432,237.63,6.5,Medium,Rain,32.88
SHP-01352,2025-12-08,North,Sea,Standard,2080,178.17,1.1,Medium,Clear,66.57
SHP-01353,2025-01-27,North,Rail,Standard,2671,128.61,0.93,Medium,Clear,47.85
SHP-01354,2025-11-09,North,Sea,Standard,1327,264.86,9.72,Medium,Clear,51.04
SHP-01355,2025-10-14,East,Air,Standard,1015,349.94,1.77,High,Rain,17.0
SHP-01356,2025-05-14,South,Road,Standard,2678,154.55,7.67,High,Clear,63.05
SHP-01357,2025-08-07,North,Rail,Express,1950,116.08,7.1,Low,Rain,36.37
SHP-01358,2025-06-17,West,Sea,Express,2267,236.65,5.81,Medium,Rain,72.43
SHP-01359,2025-04-08,East,Sea,Express,750,163.39,6.48,High,Rain,32.89
SHP-01360,2025-09-25,North,Road,Standard,560,465.93,6.34,Medium,Clear,23.96
SHP-01361,2025-08-25,South,Air,Express,1333,435.71,0.5,High,Clear,8.72
SHP-01362,2025-11-05,East,Road,Standard,633,346.46,4.02,High,Clear,24.09
SHP-01363,2025-06-22,North,Road,Standard,1033,245.35,3.46,Medium,Rain,32.79
SHP-01364,2025-07-09,South,Road,Express,508,370.3,2.12,Medium,Rain,15.82
SHP-01365,2025-05-02,West,Road,Standard,2626,169.17,2.56,Medium,Clear,58.71
SHP-01366,2025-02-15,South,Air,Standard,1955,426.48,2.97,Medium,Rain,16.11
SHP-01367,2025-03-05,East,Road,Standard,2438,477.21,2.61,Medium,Clear,50.85
SHP-01368,2025-05-10,South,Air,Standard,2154,220.48,6.97,Medium,Clear,14.45
SHP-01369,2025-11-06,North,Road,Express,2315,182.8,2.62,High,Clear,54.27
SHP-01370,2025-12-29,North,Road,Standard,2716,285.78,13.85,Low,Storm,67.29
SHP-01371,2025-07-12,South,Road,Express,865,98.45,1.95,Low,Rain,23.58
SHP-01372,2025-11-03,North,Road,Standard,2828,316.98,2.36,Low,Rain,57.16
SHP-01373,2025-06-30,North,Road,Standard,2561,231.32,2.8,Medium,Storm,64.96
SHP-01374,2025-10-19,West,Road,Standard,296,425.18,1.75,Medium,Clear,20.25
SHP-01375,2025-10-09,West,Rail,Standard,779,244.36,2.79,Medium,Storm,20.83
SHP-01376,2025-01-29,West,Road,Standard,2470,217.49,2.08,Low,Clear,48.34
SHP-01377,2025-05-29,West,Road,Express,466,55.94,5.32,Medium,Rain,20.17
SHP-01378,2025-09-24,North,Road,Express,1104,372.88,2.3,Medium,Rain,28.9
SHP-01379,2025-10-23,West,Sea,Express,417,316.37,1.58,Medium,Clear,19.2
SHP-01380,2025-01-11,North,Sea,Express,2656,214.29,2.5,Medium,Clear,79.36
SHP-01381,2025-06-13,West,Rail,Express,157,220.85,3.12,Low,Clear,12.68
SHP-01382,2025-04-23,West,Road,Standard,2681,207.8,2.69,High,Storm,66.73
SHP-01383,2025-07-06,East,Road,Express,888,221.35,14.19,Low,Clear,25.97
SHP-01384,2025-10-22,West,Sea,Standard,467,400.03,4.46,Medium,Clear,22.83
SHP-01385,2025-08-20,East,Road,Standard,1693,402.45,1.21,High,Rain,40.68
SHP-01386,2025-08-15,North,Road,Standard,870,188.15,4.92,Medium,Clear,30.56
SHP-01387,2025-11-06,South,Road,Standard,1471,143.88,3.93,High,Clear,37.43
SHP-01388,2025-04-08,East,Road,Standard,732,278.12,4.57,Low,Clear,24.13
SHP-01389,2025-02-24,North,Road,Express,305,215.18,4.9,Medium,Clear,11.13
SHP-01390,2025-04-21,East,Air,Standard,2877,139.27,7.46,Medium,Rain,22.55
SHP-01391,2025-06-01,West,Road,Standard,887,233.27,2.94,Low,Clear,17.75
SHP-01392,2025-09-03,North,Rail,Standard,2332,325.17,3.14,Medium,Clear,43.95
SHP-01393,2025-03-10,West,Road,Standard,602,50.42,1.91,Medium,Clear,22.65
SHP-01394,2025-11-08,West,Road,Standard,230,835.41,3.75,Medium,Clear,11.8
SHP-01395,2025-10-16,West,Sea,Standard,206,523.43,1.77,High,Storm,18.66
SHP-01396,2025-09-07,West,Road,Standard,1527,132.18,1.48,Low,Rain,38.28
SHP-01397,2025-02-05,East,Air,Standard,620,56.96,9.16,Medium,Clear,11.08
SHP-01398,2025-08-27,West,Rail,Express,906,292.09,3.09,Medium,Clear,22.66
SHP-01399,2025-05-28,East,Road,Express,1834,347.73,4.51,Medium,Clear,38.54
SHP-01400,2025-08-15,North,Sea,Standard,1777,82.39,2.12,High,Clear,58.18
SHP-01401,2025-09-01,South,Road,Standard,1097,694.39,10.33,Medium,Clear,35.98
SHP-01402,2025-12-03,East,Sea,Standard,1546,184.95,2.77,Low,Rain,50.91
SHP-01403,2025-12-31,North,Road,Express,1473,164.44,8.13,Medium,Clear,34.0
SHP-01404,2025-07-20,East,Sea,Standard,641,130.82,4.5,High,Clear,32.95
SHP-01405,2025-06-03,East,Road,Standard,2231,415.46,3.42,Medium,Clear,43.46
SHP-01406,2025-03-14,North,Rail,Express,470,421.61,4.05,Medium,Clear,18.31
SHP-01407,2025-07-20,East,Air,Standard,2310,102.18,3.07,Low,Rain,17.79
SHP-01408,2025-10-23,West,Sea,Standard,2997,213.42,2.94,Low,Clear,89.07
SHP-01409,2025-01-17,South,Sea,Standard,2579,313.8,3.87,Low,Clear,79.01
SHP-01410,2025-05-09,North,Air,Express,397,574.9,0.64,Medium,Clear,8.64
SHP-01411,2025-08-05,North,Sea,Express,215,128.37,2.12,High,Storm,21.73
SHP-01412,2025-03-02,South,Road,Express,986,177.65,5.32,Medium,Clear,29.84
SHP-01413,2025-04-14,West,Road,Standard,397,33.66,5.6,Low,Rain,16.22
SHP-01414,2025-02-11,North,Road,Standard,2946,224.37,12.23,Low,Clear,68.46
SHP-01415,2025-01-25,East,Road,Express,447,344.05,6.12,Medium,Rain,20.51
SHP-01416,2025-02-08,North,Road,Express,632,175.77,5.85,Medium,Rain,23.23
SHP-01417,2025-10-18,South,Rail,Standard,2823,250.21,4.13,Medium,Clear,53.68
SHP-01418,2025-05-11,West,Road,Express,1650,162.26,6.86,Medium,Rain,38.54
SHP-01419,2025-08-17,East,Air,Standard,357,269.19,3.64,Medium,Rain,12.98
SHP-01420,2025-04-18,North,Road,Standard,2895,432.08,3.41,Low,Clear,58.51
SHP-01421,2025-06-21,South,Road,Standard,2816,66.27,3.47,Low,Clear,58.74
SHP-01422,2025-04-12,North,Rail,Standard,2563,47.95,6.77,Low,Clear,48.36
SHP-01423,2025-12-20,South,Air,Express,148,314.79,3.45,Low,Rain,2.59
SHP-01424,2025-01-12,East,Air,Standard,1315,310.4,4.45,Low,Rain,19.01
SHP-01425,2025-10-02,North,Rail,Standard,207,481.13,2.26,Medium,Rain,9.96
SHP-01426,2025-04-11,South,Road,Express,2707,314.95,9.87,High,Rain,64.67
SHP-01427,2025-02-13,South,Rail,Express,603,359.09,2.65,Medium,Rain,20.37
SHP-01428,2025-11-01,West,Road,Standard,700,145.4,3.35,Medium,Clear,22.74
SHP-01429,2025-01-17,West,Road,Standard,2324,457.5,5.81,High,Clear,57.62
SHP-01430,2025-11-26,North,Road,Standard,2520,147.86,7.43,Low,Storm,58.57
SHP-01431,2025-02-26,West,Road,Standard,2340,47.21,3.55,High,Clear,51.45
SHP-01432,2025-11-07,South,Road,Express,2627,109.18,5.32,Medium,Clear,58.24
SHP-01433,2025-10-30,South,Sea,Express,1118,444.95,1.81,Medium,Rain,37.7
SHP-01434,2025-01-12,East,Sea,Standard,1545,233.63,3.94,Medium,Clear,52.96
SHP-01435,2025-11-14,West,Road,Standard,2468,125.46,5.27,Low,Clear,56.71
SHP-01436,2025-03-21,West,Road,Standard,1928,136.37,8.05,High,Clear,47.45
SHP-01437,2025-08-04,East,Road,Express,2749,534.27,1.24,Low,Clear,55.02
SHP-01438,2025-12-05,South,Road,Standard,2786,211.48,1.58,Medium,Storm,64.79
SHP-01439,2025-09-21,West,Sea,Standard,783,307.58,0.87,Medium,Clear,29.78
SHP-01440,2025-05-29,North,Road,Standard,2000,914.77,1.36,Low,Clear,41.7
SHP-01441,2025-03-22,East,Air,Standard,141,134.28,5.77,Low,Clear,8.76
SHP-01442,2025-08-03,South,Road,Standard,2269,530.68,3.9,Low,Clear,46.74
SHP-01443,2025-07-17,East,Sea,Standard,1677,137.41,1.51,Low,Clear,56.2
SHP-01444,2025-07-19,North,Road,Express,1265,301.63,6.88,High,Clear,32.61
SHP-01445,2025-01-25,North,Air,Express,1150,486.93,3.46,Medium,Clear,13.06
SHP-01446,2025-03-30,West,Road,Express,1354,224.45,5.73,Low,Clear,30.38
SHP-01447,2025-09-25,North,Rail,Standard,1437,76.9,3.99,Medium,Clear,26.46
SHP-01448,2025-05-23,South,Road,Standard,228,172.07,3.81,High,Rain,18.05
SHP-01449,2025-02-28,North,Road,Standard,2335,57.36,3.73,Low,Rain,50.61
SHP-01450,2025-12-31,North,Sea,Standard,2974,448.9,2.29,Low,Storm,100.89
SHP-01451,2025-01-26,North,Sea,Express,2999,680.88,6.72,High,Clear,96.64
SHP-01452,2025-02-16,North,Sea,Standard,329,211.46,0.67,Low,Clear,13.89
SHP-01453,2025-10-15,West,Rail,Standard,1092,136.31,3.33,Medium,Rain,30.84
SHP-01454,2025-09-23,South,Air,Express,1668,411.19,1.9,Low,Clear,11.13
SHP-01455,2025-01-16,West,Road,Express,2837,854.76,1.0,High,Rain,66.9
SHP-01456,2025-07-18,East,Road,Standard,420,468.92,3.55,High,Rain,26.78
SHP-01457,2025-10-09,South,Road,Standard,1850,303.65,3.61,High,Rain,45.64
SHP-01458,2025-03-27,East,Rail,Standard,2967,71.88,1.84,Medium,Storm,59.84
SHP-01459,2025-09-07,East,Road,Standard,1753,69.7,10.92,Medium,Rain,53.74
SHP-01460,2025-09-27,East,Road,Standard,2318,215.06,6.69,Low,Rain,59.58
SHP-01461,2025-12-01,South,Rail,Standard,353,254.1,4.49,High,Clear,21.26
SHP-01462,2025-04-27,South,Air,Express,1398,191.63,5.26,High,Storm,24.3
SHP-01463,2025-01-07,West,Road,Standard,1510,157.4,2.81,Medium,Clear,35.19
SHP-01464,2025-05-17,West,Road,Standard,2535,135.28,3.43,Medium,Storm,58.65
SHP-01465,2025-06-25,West,Road,Standard,1243,217.48,3.93,Low,Clear,29.62
SHP-01466,2025-11-24,South,Road,Standard,2472,283.41,3.99,Medium,Clear,49.87
SHP-01467,2025-11-11,West,Road,Express,2478,975.49,6.04,Medium,Rain,60.38
SHP-01468,2025-08-03,South,Rail,Standard,2111,49.13,4.74,Medium,Clear,39.44
SHP-01469,2025-03-23,South,Rail,Standard,2840,413.21,5.41,Medium,Rain,57.62
SHP-01470,2025-08-11,North,Air,Standard,718,163.95,2.72,Low,Clear,5.48
SHP-01471,2025-04-13,East,Road,Express,549,124.18,3.32,High,Rain,24.91
SHP-01472,2025-09-30,North,Air,Standard,1464,181.05,3.4,High,Rain,17.22
SHP-01473,2025-01-14,South,Road,Express,1622,300.31,2.38,High,Rain,36.37
SHP-01474,2025-06-08,West,Rail,Standard,2662,41.38,0.72,Medium,Clear,49.81
SHP-01475,2025-06-01,North,Air,Standard,579,467.76,0.55,Medium,Clear,12.37
SHP-01476,2025-04-18,North,Road,Standard,2056,291.64,1.36,Low,Rain,45.97
SHP-01477,2025-07-07,North,Road,Express,2589,243.51,1.54,High,Clear,54.69
SHP-01478,2025-10-28,West,Sea,Express,1269,171.17,1.95,Medium,Clear,42.59
SHP-01479,2025-04-08,South,Road,Standard,804,20.0,3.41,Medium,Clear,24.29
SHP-01480,2025-05-11,South,Air,Standard,2397,157.69,6.6,Medium,Clear,17.3
SHP-01481,2025-10-20,West,Road,Standard,864,205.38,0.96,High,Clear,24.8
SHP-01482,2025-06-20,West,Air,Standard,2644,617.41,2.51,Low,Clear,22.3
SHP-01483,2025-07-02,South,Road,Standard,776,229.16,4.74,Low,Clear,31.02
SHP-01484,2025-12-30,East,Road,Express,780,260.75,5.23,Medium,Rain,29.18
SHP-01485,2025-02-08,West,Rail,Express,877,123.61,4.26,High,Clear,23.64
SHP-01486,2025-01-15,East,Road,Standard,2699,219.01,3.11,Medium,Storm,63.72
SHP-01487,2025-01-04,North,Road,Standard,1381,63.74,4.65,Medium,Clear,32.3
SHP-01488,2025-12-15,West,Road,Express,2096,193.85,1.08,Medium,Clear,40.31
SHP-01489,2025-07-29,East,Road,Express,2865,391.42,4.56,Medium,Clear,58.44
SHP-01490,2025-06-10,South,Road,Standard,924,215.07,5.53,Medium,Clear,34.22
SHP-01491,2025-01-16,South,Road,Standard,2228,205.64,4.69,Medium,Clear,56.25
SHP-01492,2025-04-18,North,Sea,Standard,2053,387.92,2.86,Low,Rain,70.12
SHP-01493,2025-11-07,North,Road,Standard,1727,389.39,2.87,High,Clear,40.25
SHP-01494,2025-08-15,West,Rail,Standard,657,51.07,1.26,Medium,Rain,21.39
SHP-01495,2025-06-19,North,Road,Standard,2123,429.17,3.05,High,Clear,49.82
SHP-01496,2025-02-03,South,Road,Standard,1527,602.61,4.01,Low,Clear,30.22
SHP-01497,2025-09-08,East,Sea,Standard,684,165.58,4.36,Medium,Clear,30.92
SHP-01498,2025-09-04,North,Road,Standard,1259,177.39,3.64,High,Storm,38.36
SHP-01499,2025-09-26,West,Sea,Standard,533,223.06,0.5,Low,Clear,18.31
SHP-01500,2025-05-21,North,Road,Express,2777,104.6,1.93,Medium,Rain,56.34
SHP-01501,2025-10-01,South,Air,Express,1124,530.1,4.52,Medium,Clear,9.94
SHP-01502,2025-04-06,South,Rail,Standard,1964,669.8,6.07,High,Clear,43.01
SHP-01503,2025-08-15,North,Sea,Standard,2102,460.54,2.2,Low,Clear,66.65
SHP-01504,2025-02-08,North,Rail,Express,638,50.61,8.35,Low,Rain,13.33
SHP-01505,2025-10-29,East,Rail,Standard,2305,143.53,2.87,High,Rain,51.86
SHP-01506,2025-01-29,West,Road,Standard,2354,168.89,3.04,Medium,Clear,48.68
SHP-01507,2025-11-14,North,Road,Standard,1278,203.86,1.64,Low,Rain,28.41
SHP-01508,2025-09-02,East,Sea,Standard,2023,272.91,2.27,Low,Clear,64.43
SHP-01509,2025-08-24,East,Road,Standard,2108,237.37,0.84,High,Storm,54.99
SHP-01510,2025-07-04,West,Road,Express,998,238.68,2.64,Low,Rain,28.66
SHP-01511,2025-09-29,South,Air,Standard,2105,464.34,8.89,Medium,Rain,23.69
SHP-01512,2025-08-24,South,Road,Standard,2129,356.99,3.51,Medium,Rain,52.08
SHP-01513,2025-08-27,South,Sea,Express,2057,217.26,1.08,High,Clear,67.23
SHP-01514,2025-09-23,East,Air,Standard,2637,401.03,3.05,High,Rain,24.37
SHP-01515,2025-12-25,West,Rail,Standard,1791,285.61,4.11,Medium,Clear,36.33
SHP-01516,2025-12-06,North,Sea,Standard,436,407.9,3.0,Low,Clear,14.02
SHP-01517,2025-03-06,South,Road,Standard,1301,613.98,1.2,High,Clear,34.23
SHP-01518,2025-06-26,West,Road,Standard,2737,504.21,3.02,Medium,Clear,62.57
SHP-01519,2025-01-03,West,Rail,Standard,1840,90.99,3.72,High,Clear,50.34
SHP-01520,2025-05-22,West,Road,Standard,1548,231.28,5.28,Medium,Clear,35.14
SHP-01521,2025-06-07,East,Air,Standard,256,331.32,6.01,Medium,Clear,14.13
SHP-01522,2025-11-20,South,Sea,Standard,1868,75.58,4.48,Low,Clear,60.13
SHP-01523,2025-05-26,East,Road,Standard,1830,317.84,5.31,Medium,Rain,52.87
SHP-01524,2025-10-20,East,Road,Standard,2654,332.67,1.72,Medium,Clear,52.98
SHP-01525,2025-06-02,North,Sea,Standard,2445,83.33,4.83,Medium,Rain,83.48
SHP-01526,2025-07-12,East,Road,Standard,842,221.72,5.86,Low,Clear,21.32
SHP-01527,2025-03-14,East,Rail,Express,2331,310.78,1.2,Low,Clear,36.21
SHP-01528,2025-11-01,North,Road,Standard,1774,605.65,5.14,Low,Clear,41.42
SHP-01529,2025-12-10,West,Sea,Standard,1055,243.1,6.45,Medium,Clear,44.85
SHP-01530,2025-05-20,East,Rail,Express,2834,89.91,4.79,High,Clear,47.98
SHP-01531,2025-07-06,West,Air,Standard,991,78.67,2.34,Medium,Clear,13.47
SHP-01532,2025-10-20,North,Air,Standard,1215,178.03,5.31,Medium,Clear,14.36
SHP-01533,2025-03-02,North,Road,Express,2273,313.36,4.72,Low,Clear,47.66
SHP-01534,2025-07-17,East,Road,Express,1727,355.67,2.58,Medium,Rain,42.74
SHP-01535,2025-10-22,South,Air,Standard,498,95.84,12.71,Medium,Clear,13.99
SHP-01536,2025-11-15,East,Road,Standard,641,326.97,0.93,High,Clear,25.27
SHP-01537,2025-10-29,East,Air,Standard,131,32.86,4.17,High,Rain,13.91
SHP-01538,2025-12-10,North,Sea,Express,2232,160.88,0.57,Medium,Clear,70.73
SHP-01539,2025-01-11,East,Rail,Standard,2953,321.91,3.88,High,Storm,62.58
SHP-01540,2025-03-03,South,Air,Standard,1456,518.1,2.61,Low,Clear,11.96
SHP-01541,2025-11-29,South,Air,Express,1530,66.17,5.84,Medium,Clear,11.31
SHP-01542,2025-08-14,West,Air,Standard,2537,296.28,2.99,Low,Clear,18.41
SHP-01543,2025-06-02,West,Road,Express,1129,193.75,4.86,Medium,Clear,31.55
SHP-01544,2025-07-18,East,Road,Standard,2794,52.18,2.88,Low,Clear,56.94
SHP-01545,2025-02-21,East,Road,Standard,468,76.69,4.39,Medium,Storm,21.52
SHP-01546,2025-09-17,South,Air,Standard,137,286.02,6.94,Medium,Clear,14.67
SHP-01547,2025-02-28,West,Rail,Express,2753,729.07,3.89,High,Clear,45.29
SHP-01548,2025-03-13,East,Air,Standard,264,247.7,2.2,Medium,Clear,5.99
SHP-01549,2025-05-28,East,Road,Standard,1808,1138.4,2.66,Low,Clear,38.89
SHP-01550,2025-12-15,West,Rail,Standard,2649,378.35,0.62,Medium,Clear,43.93
SHP-01551,2025-03-04,South,Road,Express,1570,132.0,5.5,High,Clear,35.36
SHP-01552,2025-11-06,West,Air,Express,1767,430.99,2.38,High,Clear,8.81
SHP-01553,2025-08-31,North,Rail,Standard,2600,92.01,3.69,Medium,Clear,42.64
SHP-01554,2025-11-26,South,Road,Standard,2796,266.83,0.51,High,Clear,63.05
SHP-01555,2025-04-17,South,Road,Express,2342,270.18,3.13,High,Clear,48.02
SHP-01556,2025-08-14,West,Air,Standard,1551,265.55,6.69,Low,Clear,14.37
SHP-01557,2025-11-09,West,Rail,Standard,358,85.03,3.94,Low,Clear,18.84
SHP-01558,2025-08-06,East,Road,Standard,280,20.0,13.13,Low,Clear,20.32
SHP-01559,2025-08-29,East,Sea,Express,204,198.05,2.36,Medium,Rain,14.92
SHP-01560,2025-09-16,East,Air,Standard,1248,311.68,3.8,Medium,Rain,13.64
SHP-01561,2025-09-19,West,Sea,Standard,2945,594.61,3.37,High,Rain,105.35
SHP-01562,2025-01-05,South,Road,Standard,164,314.79,5.55,Medium,Storm,18.49
SHP-01563,2025-09-18,South,Rail,Standard,1463,90.61,3.28,Medium,Storm,35.31
SHP-01564,2025-02-23,North,Sea,Standard,360,206.41,2.26,Medium,Rain,24.24
SHP-01565,2025-02-16,West,Rail,Standard,1042,216.0,3.6,Low,Storm,28.16
SHP-01566,2025-08-03,East,Air,Standard,2397,541.42,3.97,Low,Rain,19.42
SHP-01567,2025-06-26,South,Road,Standard,1091,320.7,5.07,Medium,Rain,31.77
SHP-01568,2025-01-09,North,Road,Standard,2881,103.6,3.98,Medium,Clear,60.7
SHP-01569,2025-04-09,West,Road,Express,61,159.5,8.36,High,Clear,15.03
SHP-01570,2025-01-20,North,Road,Express,1477,403.11,10.89,Medium,Rain,42.29
SHP-01571,2025-08-29,East,Road,Express,2329,281.75,2.44,High,Clear,49.67
SHP-01572,2025-03-02,West,Road,Standard,2063,243.29,5.9,Medium,Rain,48.3
SHP-01573,2025-06-27,South,Sea,Standard,779,205.62,5.11,Medium,Clear,31.07
SHP-01574,2025-12-04,North,Road,Standard,1351,396.85,0.66,Medium,Clear,27.45
SHP-01575,2025-03-03,East,Air,Express,1426,182.52,7.38,Low,Rain,10.29
SHP-01576,2025-05-25,West,Air,Express,2086,154.45,1.89,Low,Storm,17.29
SHP-01577,2025-08-04,East,Rail,Express,2400,442.9,1.82,Low,Clear,41.63
SHP-01578,2025-01-03,West,Road,Standard,590,20.0,3.91,Medium,Rain,24.6
SHP-01579,2025-06-09,North,Air,Standard,2567,100.9,4.93,Medium,Rain,13.26
SHP-01580,2025-08-15,South,Rail,Standard,2910,135.68,4.84,Low,Clear,49.67
SHP-01581,2025-09-26,East,Air,Standard,126,462.49,3.57,Medium,Clear,7.48
SHP-01582,2025-04-30,West,Air,Standard,73,271.38,3.37,Low,Clear,8.41
SHP-01583,2025-03-30,North,Sea,Express,1088,94.87,3.34,High,Clear,38.48
SHP-01584,2025-11-25,West,Rail,Standard,725,88.71,3.41,High,Clear,24.12
SHP-01585,2025-03-09,East,Road,Standard,2622,470.9,4.17,High,Clear,61.45
SHP-01586,2025-12-23,South,Rail,Standard,2444,88.97,6.02,Medium,Clear,40.37
SHP-01587,2025-04-08,North,Road,Express,221,149.59,5.45,Low,Rain,8.93
SHP-01588,2025-09-24,West,Sea,Standard,1942,178.31,5.76,High,Clear,69.39
SHP-01589,2025-04-15,North,Road,Standard,2809,343.68,4.57,Low,Clear,59.79
SHP-01590,2025-11-19,South,Road,Express,538,166.57,5.09,Low,Clear,11.63
SHP-01591,2025-05-03,South,Air,Standard,1535,76.6,3.89,Low,Rain,10.54
SHP-01592,2025-01-29,West,Rail,Standard,2475,363.67,5.14,Medium,Rain,48.23
SHP-01593,2025-05-17,East,Road,Standard,2469,358.49,4.16,Medium,Clear,51.34
SHP-01594,2025-07-14,West,Rail,Standard,806,637.26,0.67,Medium,Storm,20.27
SHP-01595,2025-08-14,North,Sea,Express,2574,289.18,1.17,Medium,Rain,78.52
SHP-01596,2025-11-28,East,Road,Express,2479,85.62,3.49,Low,Rain,50.85
SHP-01597,2025-06-19,East,Sea,Standard,204,618.24,1.35,High,Rain,17.13
SHP-01598,2025-01-09,West,Road,Standard,306,177.82,3.8,Medium,Clear,12.87
SHP-01599,2025-02-09,West,Air,Standard,1829,419.91,4.73,Medium,Clear,16.62
SHP-01600,2025-01-25,North,Air,Standard,723,604.81,4.97,Medium,Clear,10.88
SHP-01601,2025-09-18,East,Road,Standard,2165,257.41,3.44,Low,Clear,48.04
SHP-01602,2025-08-14,North,Road,Standard,2441,235.91,4.76,Low,Clear,51.66
SHP-01603,2025-05-04,East,Road,Standard,722,289.86,5.88,Medium,Rain,27.48
SHP-01604,2025-02-07,South,Air,Express,2488,327.41,6.22,Low,Clear,18.08
SHP-01605,2025-11-24,South,Rail,Standard,1522,465.47,5.99,Low,Storm,40.45
SHP-01606,2025-09-08,South,Rail,Standard,308,212.31,4.19,High,Clear,21.23
SHP-01607,2025-06-25,East,Road,Standard,356,248.68,2.04,Medium,Clear,17.89
SHP-01608,2025-03-31,South,Road,Express,1168,162.45,1.14,Medium,Clear,26.55
SHP-01609,2025-02-06,East,Road,Standard,295,161.8,3.44,Medium,Clear,13.89
SHP-01610,2025-11-12,South,Road,Standard,2830,121.14,3.23,High,Storm,68.4
SHP-01611,2025-06-25,North,Rail,Standard,1708,171.05,5.92,Low,Rain,32.96
SHP-01612,2025-10-11,West,Sea,Express,236,109.28,2.28,High,Clear,14.93
SHP-01613,2025-03-22,South,Air,Standard,1847,430.92,4.29,Medium,Storm,24.61
SHP-01614,2025-04-24,South,Road,Express,974,372.03,0.67,Low,Rain,20.59
SHP-01615,2025-02-09,East,Sea,Express,834,224.67,3.27,Low,Clear,29.01
SHP-01616,2025-10-28,South,Air,Express,1645,284.63,3.32,Medium,Rain,11.87
SHP-01617,2025-08-12,North,Sea,Standard,2505,121.26,2.24,Medium,Clear,80.06
SHP-01618,2025-11-14,South,Rail,Standard,1410,235.14,0.81,Low,Clear,24.45
SHP-01619,2025-12-15,West,Road,Standard,390,506.33,2.16,Medium,Rain,15.55
SHP-01620,2025-04-25,East,Road,Express,612,495.24,8.46,Medium,Clear,20.18
SHP-01621,2025-07-05,East,Air,Standard,700,645.33,2.13,Medium,Clear,13.41
SHP-01622,2025-11-19,East,Road,Standard,1243,430.25,10.61,High,Clear,40.91
SHP-01623,2025-02-25,North,Road,Standard,118,302.12,2.39,High,Storm,18.11
SHP-01624,2025-02-09,South,Rail,Standard,1633,415.59,1.08,Medium,Rain,34.05
SHP-01625,2025-12-20,East,Rail,Standard,2478,91.71,2.2,High,Clear,45.94
SHP-01626,2025-02-09,North,Rail,Standard,2154,395.3,2.23,Low,Clear,40.92
SHP-01627,2025-12-13,South,Road,Standard,1350,439.9,1.29,Low,Clear,28.25
SHP-01628,2025-08-25,South,Road,Express,2947,232.35,2.95,Medium,Rain,61.08
SHP-01629,2025-10-16,South,Rail,Standard,1172,251.12,1.61,Medium,Clear,20.61
SHP-01630,2025-09-19,West,Sea,Standard,965,198.44,3.42,Medium,Rain,37.69
SHP-01631,2025-08-04,North,Air,Standard,2422,227.26,2.12,Medium,Storm,16.97
SHP-01632,2025-05-27,East,Sea,Standard,510,272.98,8.29,Low,Rain,30.94
SHP-01633,2025-12-02,North,Air,Express,2276,292.91,8.91,Low,Clear,18.51
SHP-01634,2025-06-17,West,Rail,Standard,893,122.87,14.8,High,Clear,35.69
SHP-01635,2025-04-02,North,Road,Standard,623,141.46,4.52,High,Clear,24.02
SHP-01636,2025-12-19,South,Air,Standard,168,372.25,5.0,Medium,Clear,8.73
SHP-01637,2025-02-28,East,Rail,Express,2646,311.79,3.8,Medium,Rain,44.72
SHP-01638,2025-02-28,East,Rail,Standard,695,131.34,2.26,Medium,Clear,23.41
SHP-01639,2025-10-31,South,Rail,Express,1528,219.87,4.0,Low,Clear,31.47
SHP-01640,2025-06-18,South,Rail,Standard,2123,703.92,6.0,Medium,Rain,44.75
SHP-01641,2025-09-26,South,Road,Standard,1563,29.87,5.37,Medium,Clear,37.44
SHP-01642,2025-12-29,North,Rail,Standard,2081,20.0,3.41,Medium,Clear,42.42
SHP-01643,2025-02-14,North,Road,Express,1081,30.6,3.72,Low,Rain,23.91
SHP-01644,2025-12-11,South,Air,Standard,1018,879.04,1.4,High,Clear,15.95
SHP-01645,2025-06-30,North,Road,Express,2060,101.37,3.64,High,Rain,52.39
SHP-01646,2025-06-19,South,Road,Standard,1589,190.38,1.73,Low,Rain,34.96
SHP-01647,2025-12-22,East,Road,Standard,2630,351.91,5.26,Medium,Rain,63.78
SHP-01648,2025-07-10,West,Air,Standard,2246,336.42,5.17,High,Clear,22.73
SHP-01649,2025-06-04,East,Road,Express,1561,200.15,7.37,Low,Clear,36.59
SHP-01650,2025-07-07,North,Road,Standard,1098,578.57,2.3,Medium,Clear,25.58
SHP-01651,2025-01-07,North,Rail,Express,704,404.93,0.58,Medium,Clear,11.93
SHP-01652,2025-05-13,West,Road,Express,2004,146.77,4.13,Medium,Storm,49.92
SHP-01653,2025-08-23,South,Sea,Express,604,105.7,4.78,High,Rain,25.23
SHP-01654,2025-02-14,North,Sea,Standard,474,269.8,4.57,Medium,Clear,23.77
SHP-01655,2025-11-10,East,Rail,Standard,342,417.8,0.97,Low,Storm,19.36
SHP-01656,2025-09-06,East,Road,Express,1258,714.32,9.46,Low,Rain,38.49
SHP-01657,2025-01-31,East,Air,Standard,2651,301.53,5.41,Low,Clear,14.65
SHP-01658,2025-01-23,North,Road,Standard,480,184.06,5.32,Medium,Clear,22.94
SHP-01659,2025-06-09,North,Rail,Standard,2701,546.04,5.46,Medium,Clear,54.59
SHP-01660,2025-12-29,West,Road,Standard,366,498.76,2.75,Low,Storm,21.5
SHP-01661,2025-06-07,North,Sea,Standard,447,402.14,0.6,Medium,Clear,16.71
SHP-01662,2025-02-08,East,Road,Standard,1397,88.29,4.6,Medium,Rain,37.0
SHP-01663,2025-03-23,East,Rail,Standard,1638,191.36,3.42,Low,Clear,31.61
SHP-01664,2025-12-22,East,Air,Standard,645,210.45,6.54,Medium,Rain,17.18
SHP-01665,2025-09-15,South,Rail,Standard,2643,402.27,4.32,Medium,Clear,48.17
SHP-01666,2025-07-25,South,Road,Standard,2173,42.77,0.5,Medium,Storm,53.29
SHP-01667,2025-03-18,East,Sea,Standard,2962,180.27,2.16,Medium,Storm,99.25
SHP-01668,2025-01-12,West,Rail,Standard,1993,245.85,1.14,Medium,Clear,36.79
SHP-01669,2025-10-22,West,Rail,Standard,965,204.98,2.04,High,Rain,25.54
SHP-01670,2025-08-12,North,Road,Standard,2806,666.84,6.19,Medium,Rain,63.65
SHP-01671,2025-01-13,North,Rail,Standard,2583,468.33,5.26,Medium,Storm,51.82
SHP-01672,2025-02-15,West,Road,Express,2844,467.52,1.58,Medium,Clear,62.65
SHP-01673,2025-06-04,East,Road,Standard,1305,170.16,2.11,Low,Clear,35.46
SHP-01674,2025-04-23,West,Road,Express,2647,274.86,5.11,Medium,Rain,59.34
SHP-01675,2025-08-21,North,Air,Standard,1025,120.75,5.84,Medium,Rain,19.95
SHP-01676,2025-01-17,East,Road,Standard,1125,123.76,3.9,Low,Clear,31.46
SHP-01677,2025-12-26,East,Road,Standard,1294,471.16,2.43,Medium,Rain,35.6
SHP-01678,2025-08-11,East,Rail,Standard,1501,420.59,8.04,Low,Clear,29.09
SHP-01679,2025-12-20,South,Air,Standard,1216,113.62,4.85,Medium,Rain,15.57
SHP-01680,2025-07-07,North,Road,Standard,2078,262.36,0.82,Low,Clear,42.29
SHP-01681,2025-12-10,East,Rail,Standard,412,63.98,15.0,Low,Clear,19.33
SHP-01682,2025-12-31,North,Road,Standard,2479,348.15,10.35,High,Clear,57.9
SHP-01683,2025-06-12,South,Road,Standard,2368,111.3,5.5,High,Clear,58.32
SHP-01684,2025-11-22,West,Road,Express,2395,262.9,3.79,Low,Clear,49.56
SHP-01685,2025-03-15,South,Air,Standard,283,700.23,3.26,Medium,Clear,7.44
SHP-01686,2025-08-21,West,Road,Standard,2672,99.56,2.27,Low,Clear,53.0
SHP-01687,2025-08-12,North,Road,Standard,1781,309.67,5.56,Medium,Clear,46.5
SHP-01688,2025-11-15,East,Road,Standard,76,236.22,1.94,Medium,Rain,9.56
SHP-01689,2025-03-01,West,Air,Express,1544,92.21,1.32,Low,Clear,8.59
SHP-01690,2025-12-01,North,Road,Standard,142,138.25,4.17,Medium,Clear,11.35
SHP-01691,2025-08-10,North,Road,Standard,2714,327.89,1.76,Low,Clear,57.18
SHP-01692,2025-02-06,South,Road,Express,358,208.13,2.03,Low,Storm,13.78
SHP-01693,2025-10-05,North,Road,Standard,101,590.11,5.98,High,Rain,18.48
SHP-01694,2025-07-15,East,Rail,Standard,368,338.55,4.93,Medium,Clear,16.97
SHP-01695,2025-12-18,West,Rail,Express,2042,106.09,1.88,Medium,Rain,36.73
SHP-01696,2025-08-30,South,Road,Standard,230,431.62,9.7,Medium,Storm,24.84
SHP-01697,2025-11-20,North,Road,Standard,1642,466.55,3.85,Medium,Clear,40.48
SHP-01698,2025-08-07,South,Road,Standard,2972,294.99,2.53,Medium,Storm,75.45
SHP-01699,2025-07-11,East,Road,Standard,696,357.75,2.3,Medium,Clear,29.6
SHP-01700,2025-01-17,North,Road,Standard,2011,292.21,1.92,Medium,Clear,42.52
SHP-01701,2025-01-12,East,Air,Express,1333,534.5,4.96,Medium,Clear,6.01
SHP-01702,2025-07-12,East,Sea,Standard,2294,493.84,2.1,Medium,Rain,78.65
SHP-01703,2025-01-22,East,Sea,Express,2742,63.8,3.31,Medium,Clear,85.48
SHP-01704,2025-04-30,North,Sea,Express,2352,57.38,3.21,Medium,Clear,75.88
SHP-01705,2025-07-29,East,Rail,Standard,2074,210.92,2.02,Medium,Clear,39.31
SHP-01706,2025-11-02,North,Air,Standard,2829,414.19,2.07,Medium,Clear,17.78
SHP-01707,2025-09-27,North,Road,Standard,385,521.91,1.32,Medium,Clear,18.16
SHP-01708,2025-07-11,West,Rail,Express,1626,186.34,5.67,Medium,Clear,34.87
SHP-01709,2025-06-24,East,Rail,Express,1575,206.84,4.56,High,Clear,29.07
SHP-01710,2025-10-12,North,Rail,Standard,1039,194.64,3.2,Medium,Storm,27.08
SHP-01711,2025-07-23,North,Air,Standard,2997,228.92,1.81,High,Clear,20.37
SHP-01712,2025-06-13,North,Road,Standard,1328,271.88,5.09,Medium,Clear,34.67
SHP-01713,2025-09-08,South,Road,Express,563,171.16,4.74,High,Clear,19.87
SHP-01714,2025-08-15,North,Sea,Standard,2079,194.18,7.09,Medium,Clear,72.31
SHP-01715,2025-01-07,North,Road,Standard,291,317.36,5.26,High,Clear,21.7
SHP-01716,2025-01-29,South,Rail,Express,2246,82.98,1.78,Low,Clear,40.71
SHP-01717,2025-02-02,East,Sea,Standard,1783,743.53,2.37,Low,Rain,63.07
SHP-01718,2025-05-14,East,Rail,Standard,2854,406.8,7.3,Medium,Clear,51.3
SHP-01719,2025-03-20,East,Rail,Standard,2717,573.48,1.46,High,Clear,50.33
SHP-01720,2025-02-27,North,Road,Standard,2550,117.49,4.28,Medium,Clear,55.52
SHP-01721,2025-01-26,West,Road,Standard,2309,152.65,5.22,Low,Rain,54.47
SHP-01722,2025-08-14,West,Sea,Express,717,21.91,5.12,Medium,Rain,30.82
SHP-01723,2025-10-12,West,Rail,Standard,643,251.33,1.51,Medium,Clear,23.15
SHP-01724,2025-01-04,West,Rail,Standard,2228,256.78,3.19,Medium,Clear,39.52
SHP-01725,2025-04-09,West,Road,Standard,2709,295.49,1.5,Medium,Storm,64.28
SHP-01726,2025-02-08,East,Road,Standard,305,53.29,2.36,High,Clear,24.46
SHP-01727,2025-09-28,North,Sea,Standard,1552,237.18,3.38,High,Clear,54.48
SHP-01728,2025-10-12,East,Road,Express,610,307.0,5.44,Low,Clear,18.57
SHP-01729,2025-06-06,East,Rail,Express,2160,340.33,4.99,Medium,Clear,36.28
SHP-01730,2025-03-16,East,Road,Standard,1384,157.99,3.73,Medium,Storm,41.44
SHP-01731,2025-10-15,East,Air,Standard,456,814.01,3.11,Medium,Storm,15.73
SHP-01732,2025-05-10,North,Sea,Standard,2899,205.37,3.79,Low,Rain,95.62
SHP-01733,2025-06-24,South,Rail,Express,1910,269.98,4.16,High,Clear,37.75
SHP-01734,2025-03-25,West,Road,Standard,2112,188.03,2.83,Medium,Clear,44.3
SHP-01735,2025-01-22,East,Rail,Express,1760,159.85,0.5,High,Clear,35.28
SHP-01736,2025-01-27,East,Air,Standard,308,379.32,2.27,High,Storm,19.84
SHP-01737,2025-07-14,North,Road,Express,772,55.75,3.38,Low,Rain,23.01
SHP-01738,2025-12-03,South,Sea,Express,1332,394.83,5.18,High,Clear,45.59
SHP-01739,2025-08-24,West,Rail,Express,663,265.51,2.41,Medium,Clear,16.08
SHP-01740,2025-04-02,East,Sea,Standard,1744,213.66,2.19,Medium,Clear,61.11
SHP-01741,2025-01-21,West,Rail,Standard,2028,87.86,0.52,Medium,Storm,40.52
SHP-01742,2025-10-30,South,Road,Standard,862,250.26,3.57,Medium,Clear,21.45
SHP-01743,2025-12-23,East,Road,Express,1836,376.55,3.58,Medium,Clear,40.51
SHP-01744,2025-03-25,North,Road,Standard,380,273.35,1.25,Medium,Clear,17.94
SHP-01745,2025-09-19,East,Sea,Express,2262,231.79,4.95,Low,Clear,74.57
SHP-01746,2025-05-27,South,Air,Express,1266,202.81,3.34,Medium,Storm,15.24
SHP-01747,2025-09-14,South,Air,Standard,1594,173.77,1.45,Low,Storm,13.81
SHP-01748,2025-02-27,East,Road,Express,1447,93.83,2.58,Low,Storm,35.59
SHP-01749,2025-01-15,West,Road,Standard,436,371.69,3.12,Medium,Rain,17.72
SHP-01750,2025-06-11,North,Air,Standard,1568,286.66,1.86,Medium,Clear,14.39
SHP-01751,2025-06-12,West,Rail,Standard,1867,387.61,6.88,Medium,Clear,38.4
SHP-01752,2025-11-16,South,Road,Standard,1867,171.41,2.1,Low,Clear,38.52
SHP-01753,2025-10-08,South,Rail,Express,1864,214.2,0.85,High,Rain,39.4
SHP-01754,2025-10-07,North,Road,Standard,2425,89.12,1.34,Medium,Clear,51.65
SHP-01755,2025-01-12,South,Road,Standard,1565,58.94,4.04,Low,Rain,39.88
SHP-01756,2025-10-01,South,Rail,Standard,1290,259.63,4.99,Medium,Clear,23.89
SHP-01757,2025-09-28,North,Road,Express,369,29.86,4.02,Medium,Clear,5.5
SHP-01758,2025-07-27,South,Sea,Standard,448,308.6,4.86,Low,Rain,19.6
SHP-01759,2025-01-27,West,Road,Express,1964,153.66,2.39,Medium,Storm,45.59
SHP-01760,2025-03-13,North,Road,Standard,154,905.17,0.64,High,Clear,15.37
SHP-01761,2025-03-01,West,Road,Standard,745,247.15,10.3,Medium,Clear,20.91
SHP-01762,2025-05-25,South,Air,Standard,379,359.76,4.16,Low,Storm,20.7
SHP-01763,2025-04-03,East,Road,Standard,709,143.21,2.82,High,Rain,27.73
SHP-01764,2025-11-05,North,Rail,Express,2696,510.43,3.39,Medium,Clear,48.9
SHP-01765,2025-01-08,North,Road,Standard,870,536.98,10.02,High,Clear,30.48
SHP-01766,2025-03-20,North,Road,Express,2022,457.56,1.91,Low,Clear,41.89
SHP-01767,2025-01-27,North,Road,Standard,2738,799.32,2.89,Medium,Clear,59.4
SHP-01768,2025-06-23,North,Air,Standard,1843,99.44,5.19,Medium,Rain,20.64
SHP-01769,2025-02-19,East,Sea,Express,2411,378.11,3.41,Low,Clear,73.81
SHP-01770,2025-07-18,West,Road,Express,511,131.83,0.86,High,Clear,17.85
SHP-01771,2025-12-15,West,Rail,Standard,1657,103.27,8.57,Medium,Clear,39.86
SHP-01772,2025-06-30,East,Sea,Standard,2583,237.36,8.7,Low,Clear,84.23
SHP-01773,2025-01-24,North,Road,Standard,1725,288.15,4.28,Medium,Clear,41.73
SHP-01774,2025-11-12,South,Air,Standard,2507,225.21,11.08,Medium,Clear,17.84
SHP-01775,2025-02-15,South,Road,Express,2124,79.53,3.56,Low,Clear,45.51
SHP-01776,2025-01-15,North,Sea,Express,320,254.86,3.96,High,Clear,24.36
SHP-01777,2025-06-02,East,Air,Standard,2783,239.93,0.5,High,Clear,16.28
SHP-01778,2025-08-10,East,Sea,Express,2598,106.84,3.21,Low,Clear,79.02
SHP-01779,2025-07-25,South,Air,Standard,434,603.61,3.69,Medium,Clear,14.26
SHP-01780,2025-09-30,South,Road,Standard,109,753.44,6.54,Medium,Clear,14.61
SHP-01781,2025-08-24,West,Sea,Standard,1180,266.69,3.21,High,Clear,46.32
SHP-01782,2025-12-06,West,Road,Standard,269,458.72,2.75,High,Clear,15.77
SHP-01783,2025-08-16,South,Road,Standard,1514,20.0,1.67,Medium,Storm,40.03
SHP-01784,2025-01-09,West,Air,Standard,2868,241.98,1.86,High,Storm,26.36
SHP-01785,2025-06-15,West,Air,Standard,1956,493.06,1.16,Medium,Clear,14.55
SHP-01786,2025-11-15,South,Sea,Standard,2661,246.06,3.51,Medium,Rain,83.99
SHP-01787,2025-08-02,South,Road,Express,1645,223.77,4.15,High,Clear,39.66
SHP-01788,2025-04-27,South,Air,Standard,2643,382.73,3.8,Medium,Clear,23.44
SHP-01789,2025-12-10,West,Air,Standard,145,912.18,2.4,Medium,Clear,8.69
SHP-01790,2025-03-13,West,Road,Express,1038,307.2,3.64,Medium,Clear,21.65
SHP-01791,2025-03-05,North,Road,Express,1162,268.67,3.8,Low,Clear,25.43
SHP-01792,2025-07-24,South,Road,Express,2925,564.47,3.31,Medium,Rain,59.87
SHP-01793,2025-07-28,East,Road,Standard,1995,333.88,3.62,High,Rain,47.47
SHP-01794,2025-03-13,South,Sea,Standard,2328,696.19,3.27,Medium,Clear,76.93
SHP-01795,2025-10-04,North,Rail,Standard,1017,105.0,8.88,High,Clear,28.22
SHP-01796,2025-10-01,West,Air,Standard,2372,106.25,1.65,Low,Clear,12.23
SHP-01797,2025-11-16,East,Sea,Express,295,124.54,6.53,Medium,Clear,17.97
SHP-01798,2025-12-04,West,Road,Standard,2208,437.66,0.52,High,Storm,51.89
SHP-01799,2025-04-05,West,Air,Standard,283,308.4,5.56,Medium,Rain,8.65
SHP-01800,2025-06-15,East,Road,Standard,2514,200.62,2.03,Low,Storm,61.05
SHP-01801,2025-02-01,South,Sea,Standard,2775,309.93,5.04,Medium,Rain,86.24
SHP-01802,2025-01-11,East,Road,Express,1201,481.14,1.67,Medium,Clear,24.88
SHP-01803,2025-10-28,North,Sea,Standard,1310,192.71,4.69,Low,Clear,40.34
SHP-01804,2025-08-05,East,Road,Standard,852,403.3,1.95,High,Clear,26.1
SHP-01805,2025-10-16,North,Road,Standard,2716,175.3,6.36,High,Clear,64.7
SHP-01806,2025-04-12,East,Air,Standard,2804,62.03,2.46,Medium,Rain,20.62
SHP-01807,2025-09-24,North,Road,Standard,2948,246.24,3.26,High,Clear,72.59
SHP-01808,2025-08-02,North,Rail,Standard,1467,54.6,0.5,High,Clear,33.67
SHP-01809,2025-06-28,North,Road,Standard,2572,190.48,1.77,Medium,Rain,53.58
SHP-01810,2025-03-29,North,Air,Express,704,270.59,7.02,Low,Rain,7.93
SHP-01811,2025-02-10,East,Road,Express,2492,125.39,1.94,Low,Clear,57.57
SHP-01812,2025-03-17,East,Road,Express,160,361.73,1.37,Low,Rain,12.17
SHP-01813,2025-02-15,East,Road,Express,139,204.33,4.62,Low,Clear,10.57
SHP-01814,2025-06-09,North,Rail,Standard,812,369.31,3.55,Medium,Clear,21.04
SHP-01815,2025-03-21,North,Road,Standard,1353,240.14,10.7,Medium,Clear,39.81
SHP-01816,2025-11-06,North,Road,Standard,1406,209.41,2.31,Low,Clear,27.66
SHP-01817,2025-03-27,North,Road,Express,2229,126.18,4.12,Low,Clear,45.78
SHP-01818,2025-04-02,West,Road,Express,1086,248.89,4.63,Medium,Clear,27.1
SHP-01819,2025-05-28,North,Rail,Express,2554,272.11,1.98,Low,Rain,39.17
SHP-01820,2025-06-10,South,Sea,Standard,1514,313.22,10.5,High,Rain,61.49
SHP-01821,2025-07-21,North,Road,Express,147,292.64,3.15,Low,Clear,11.52
SHP-01822,2025-08-30,North,Rail,Standard,1193,78.6,1.13,High,Rain,28.63
SHP-01823,2025-12-19,East,Air,Standard,342,467.64,0.5,High,Clear,18.43
SHP-01824,2025-01-02,East,Road,Standard,1889,320.98,3.99,Medium,Clear,39.6
SHP-01825,2025-08-13,North,Air,Standard,1784,253.62,1.64,Medium,Rain,13.99
SHP-01826,2025-10-16,North,Road,Standard,1074,310.97,7.05,High,Clear,29.64
SHP-01827,2025-08-21,South,Rail,Standard,2669,351.86,4.2,Low,Clear,43.18
SHP-01828,2025-03-18,North,Road,Standard,2347,774.62,0.92,High,Storm,57.04
SHP-01829,2025-04-26,North,Air,Standard,701,158.0,2.62,High,Clear,14.48
SHP-01830,2025-06-03,West,Air,Express,2246,161.47,3.58,Medium,Storm,20.51
SHP-01831,2025-04-13,East,Road,Standard,2141,99.72,3.21,Medium,Clear,46.45
SHP-01832,2025-07-13,East,Road,Standard,1956,39.98,5.56,Medium,Clear,40.11
SHP-01833,2025-06-15,South,Sea,Express,1771,326.61,3.29,Medium,Clear,61.49
SHP-01834,2025-12-25,South,Road,Express,1117,794.63,1.4,Medium,Clear,25.19
SHP-01835,2025-03-31,East,Rail,Standard,2259,197.47,2.57,Medium,Clear,38.15
SHP-01836,2025-06-23,East,Sea,Standard,1866,534.25,3.36,Low,Rain,64.96
SHP-01837,2025-05-02,East,Air,Standard,302,199.86,3.66,Medium,Clear,11.66
SHP-01838,2025-05-23,North,Rail,Standard,181,517.88,1.54,Medium,Clear,9.55
SHP-01839,2025-04-16,South,Air,Standard,1957,309.23,3.76,Low,Clear,15.25
SHP-01840,2025-11-01,South,Sea,Express,1960,250.45,1.9,Low,Clear,56.34
SHP-01841,2025-12-26,West,Rail,Standard,2571,159.57,5.18,Low,Rain,49.93
SHP-01842,2025-11-13,East,Rail,Express,1729,259.47,5.95,Medium,Rain,32.56
SHP-01843,2025-05-03,East,Road,Express,1182,431.85,4.35,Medium,Storm,33.58
SHP-01844,2025-01-09,North,Sea,Express,2803,143.73,5.32,Low,Clear,87.74
SHP-01845,2025-09-19,East,Air,Standard,1108,231.64,4.55,High,Clear,21.07
SHP-01846,2025-03-14,North,Road,Express,1975,283.07,2.68,High,Clear,49.1
SHP-01847,2025-12-25,South,Sea,Standard,2372,422.35,1.54,Medium,Storm,85.23
SHP-01848,2025-08-11,North,Rail,Standard,236,264.85,3.86,Low,Clear,10.19
SHP-01849,2025-02-10,East,Road,Standard,998,201.29,3.95,Medium,Clear,23.79
SHP-01850,2025-07-23,North,Rail,Standard,2340,296.15,4.19,Medium,Clear,47.23
SHP-01851,2025-09-21,South,Road,Express,313,509.91,2.39,High,Rain,20.86
SHP-01852,2025-11-24,West,Sea,Standard,2047,332.87,7.53,Medium,Rain,70.92
SHP-01853,2025-06-27,North,Road,Standard,571,236.0,4.86,Medium,Rain,25.14
SHP-01854,2025-12-14,South,Air,Standard,1614,256.08,4.24,High,Clear,17.45
SHP-01855,2025-11-14,South,Rail,Standard,832,104.78,1.11,Low,Storm,28.38
SHP-01856,2025-03-25,North,Road,Standard,584,399.39,1.19,Low,Clear,15.07
SHP-01857,2025-11-14,West,Sea,Express,259,80.67,5.46,Medium,Storm,26.85
SHP-01858,2025-04-21,North,Rail,Standard,2143,177.72,3.78,Low,Rain,42.57
SHP-01859,2025-09-08,South,Road,Standard,1613,216.12,4.48,Low,Rain,45.4
SHP-01860,2025-01-07,East,Rail,Standard,75,177.43,5.05,Medium,Rain,12.73
SHP-01861,2025-03-25,East,Sea,Standard,224,109.09,3.55,Low,Clear,15.94
SHP-01862,2025-07-27,East,Road,Standard,1589,146.26,1.32,Medium,Clear,34.19
SHP-01863,2025-11-10,North,Road,Standard,1384,76.35,1.24,High,Clear,37.74
SHP-01864,2025-01-22,North,Road,Express,371,641.52,4.15,Medium,Clear,16.52
SHP-01865,2025-01-03,East,Road,Standard,1652,162.88,9.21,Low,Clear,49.88
SHP-01866,2025-05-07,East,Air,Standard,1208,150.81,1.96,Low,Clear,12.67
SHP-01867,2025-10-24,West,Rail,Standard,104,792.19,1.85,Low,Rain,13.03
SHP-01868,2025-07-07,West,Road,Express,1616,59.06,0.78,Low,Clear,30.44
SHP-01869,2025-12-28,West,Road,Standard,1659,358.49,2.41,Low,Rain,40.93
SHP-01870,2025-01-14,South,Road,Standard,1922,252.14,5.97,Medium,Rain,47.16
SHP-01871,2025-01-12,South,Sea,Express,2765,110.56,2.11,Medium,Clear,84.6
SHP-01872,2025-03-28,West,Road,Standard,2244,265.36,2.49,Medium,Clear,49.89
SHP-01873,2025-01-12,South,Sea,Standard,1558,708.01,4.82,High,Clear,57.63
SHP-01874,2025-01-25,North,Rail,Standard,2696,356.49,0.75,High,Rain,50.8
SHP-01875,2025-10-28,West,Road,Standard,2117,325.69,6.72,Medium,Clear,49.19
SHP-01876,2025-08-31,West,Sea,Standard,382,87.44,1.62,Low,Clear,15.92
SHP-01877,2025-05-02,South,Rail,Standard,1628,126.91,4.3,Medium,Rain,38.4
SHP-01878,2025-05-27,North,Air,Standard,956,63.79,1.46,Medium,Clear,10.9
SHP-01879,2025-02-24,South,Sea,Standard,960,258.23,1.28,Low,Rain,36.82
SHP-01880,2025-08-26,West,Road,Standard,450,250.53,4.06,High,Clear,16.53
SHP-01881,2025-12-22,West,Road,Express,999,127.57,2.24,Medium,Rain,26.61
SHP-01882,2025-06-22,North,Air,Express,1379,433.2,7.43,Low,Storm,19.91
SHP-01883,2025-08-09,North,Road,Express,2125,82.03,2.2,High,Rain,47.21
SHP-01884,2025-04-29,West,Road,Standard,2564,136.13,5.43,High,Clear,66.45
SHP-01885,2025-11-05,South,Road,Standard,1960,264.32,5.35,Medium,Clear,39.68
SHP-01886,2025-07-02,East,Road,Standard,150,92.03,4.54,Medium,Rain,17.62
SHP-01887,2025-10-15,West,Air,Standard,600,194.02,2.67,Medium,Clear,12.73
SHP-01888,2025-11-03,North,Road,Express,2899,144.35,3.62,Medium,Clear,60.27
SHP-01889,2025-10-27,East,Rail,Standard,2450,292.19,2.09,Low,Rain,45.03
SHP-01890,2025-03-23,North,Rail,Standard,1755,75.42,2.57,Medium,Clear,34.76
SHP-01891,2025-07-30,South,Road,Standard,2393,32.48,4.56,High,Clear,59.08
SHP-01892,2025-05-30,West,Road,Standard,402,88.66,2.64,Low,Storm,18.04
SHP-01893,2025-02-06,South,Air,Standard,1068,437.65,4.38,High,Clear,17.9
SHP-01894,2025-12-18,West,Road,Standard,1229,416.82,3.84,High,Clear,34.6
SHP-01895,2025-11-08,East,Air,Standard,1147,115.31,0.86,Low,Rain,8.86
SHP-01896,2025-12-27,South,Sea,Express,2552,231.27,5.88,High,Rain,88.32
SHP-01897,2025-02-28,North,Road,Standard,2809,245.93,0.99,Low,Clear,54.99
SHP-01898,2025-05-11,South,Rail,Express,1029,71.67,2.82,Medium,Rain,17.93
SHP-01899,2025-07-21,South,Rail,Express,1405,147.3,4.71,High,Rain,30.71
SHP-01900,2025-08-31,North,Road,Standard,788,208.81,2.52,Low,Clear,18.63
SHP-01901,2025-02-04,South,Sea,Express,1026,25.63,5.03,Medium,Clear,39.71
SHP-01902,2025-04-03,South,Sea,Standard,1421,263.46,0.94,High,Clear,51.66
SHP-01903,2025-07-26,East,Road,Express,2330,338.04,6.08,Medium,Rain,57.58
SHP-01904,2025-12-19,East,Rail,Standard,1851,283.5,4.15,Low,Rain,35.48
SHP-01905,2025-11-28,East,Sea,Standard,2199,391.67,5.19,Low,Clear,75.43
SHP-01906,2025-11-01,North,Sea,Standard,1002,326.6,1.35,Medium,Rain,46.65
SHP-01907,2025-12-16,North,Rail,Standard,530,431.15,1.59,High,Rain,21.48
SHP-01908,2025-08-01,East,Rail,Express,1287,36.07,5.08,High,Clear,31.83
SHP-01909,2025-06-08,South,Road,Standard,157,180.19,1.24,Medium,Rain,14.64
SHP-01910,2025-01-24,North,Sea,Standard,1022,105.19,5.05,Medium,Clear,34.88
SHP-01911,2025-10-20,West,Road,Standard,1676,37.26,0.5,Low,Storm,43.46
SHP-01912,2025-01-04,West,Rail,Express,753,218.24,1.49,Low,Clear,14.92
SHP-01913,2025-08-08,East,Road,Standard,2432,446.5,7.44,Medium,Clear,56.69
SHP-01914,2025-12-30,North,Road,Standard,2183,152.3,2.55,Medium,Rain,47.18
SHP-01915,2025-01-20,West,Road,Standard,2831,305.33,2.85,Medium,Clear,62.45
SHP-01916,2025-06-01,East,Sea,Express,924,536.99,0.79,High,Rain,33.88
SHP-01917,2025-02-19,West,Road,Standard,1497,199.87,4.43,Medium,Clear,43.54
SHP-01918,2025-06-26,East,Rail,Standard,2461,482.39,4.96,Medium,Storm,52.94
SHP-01919,2025-04-06,West,Road,Standard,2157,451.93,1.67,Low,Clear,42.28
SHP-01920,2025-04-15,East,Road,Express,1323,298.95,3.08,High,Clear,32.27
SHP-01921,2025-09-07,North,Road,Standard,609,85.25,1.84,High,Storm,26.75
SHP-01922,2025-04-27,East,Rail,Standard,166,35.29,8.37,High,Rain,27.94
SHP-01923,2025-12-20,East,Road,Standard,923,137.6,2.23,Medium,Rain,25.01
SHP-01924,2025-08-16,East,Road,Express,1017,171.87,1.74,Medium,Storm,29.71
SHP-01925,2025-03-07,North,Road,Express,1618,199.76,3.55,Medium,Clear,33.77
SHP-01926,2025-12-01,North,Road,Standard,93,362.66,0.6,Low,Clear,8.68
SHP-01927,2025-09-19,West,Sea,Standard,558,132.77,5.89,Medium,Clear,25.29
SHP-01928,2025-10-22,East,Sea,Standard,2061,369.14,1.61,High,Clear,67.23
SHP-01929,2025-08-31,West,Road,Standard,1238,667.19,3.11,Low,Rain,32.06
SHP-01930,2025-07-05,East,Rail,Standard,1365,212.51,0.74,Low,Storm,30.98
SHP-01931,2025-09-03,East,Sea,Standard,898,278.68,3.07,Medium,Clear,33.6
SHP-01932,2025-05-05,East,Road,Standard,1929,641.18,7.38,Low,Rain,47.45
SHP-01933,2025-09-25,West,Air,Express,966,401.36,0.56,Medium,Storm,17.1
SHP-01934,2025-05-11,East,Sea,Standard,2995,136.36,4.11,Medium,Rain,96.9
SHP-01935,2025-08-25,East,Road,Standard,848,701.11,1.99,Medium,Clear,21.56
SHP-01936,2025-01-18,North,Road,Standard,925,274.24,6.8,High,Clear,29.94
SHP-01937,2025-02-09,South,Sea,Standard,1810,149.26,1.48,Medium,Storm,65.71
SHP-01938,2025-01-21,East,Rail,Standard,2383,54.62,4.12,High,Storm,49.21
SHP-01939,2025-08-13,South,Road,Standard,2781,134.1,3.36,High,Clear,67.66
SHP-01940,2025-12-21,North,Road,Standard,868,265.94,6.28,High,Rain,34.49
SHP-01941,2025-10-09,South,Road,Express,2218,105.42,5.35,Low,Clear,50.79
SHP-01942,2025-01-08,North,Air,Express,994,119.75,2.76,Low,Clear,8.24
SHP-01943,2025-04-10,North,Air,Standard,956,554.41,2.9,Low,Storm,10.41
SHP-01944,2025-08-28,South,Sea,Standard,62,277.39,4.97,Medium,Clear,17.02
SHP-01945,2025-03-28,West,Road,Standard,652,64.05,1.18,High,Clear,19.54
SHP-01946,2025-10-25,South,Rail,Standard,249,380.19,2.95,Medium,Clear,10.49
SHP-01947,2025-01-14,North,Rail,Standard,2683,35.53,2.18,High,Clear,49.49
SHP-01948,2025-11-30,North,Road,Express,1841,265.92,1.22,Medium,Clear,41.92
SHP-01949,2025-01-02,East,Road,Express,497,242.94,3.46,Medium,Clear,19.16
SHP-01950,2025-10-20,South,Sea,Express,1861,914.59,4.98,High,Storm,73.5
SHP-01951,2025-11-21,West,Sea,Standard,890,468.56,2.16,Medium,Storm,39.12
SHP-01952,2025-02-10,East,Rail,Express,639,233.41,4.42,High,Clear,18.81
SHP-01953,2025-11-14,West,Rail,Express,1203,421.57,4.3,Low,Clear,23.88
SHP-01954,2025-11-12,South,Road,Standard,2986,39.14,4.76,High,Rain,69.03
SHP-01955,2025-04-21,East,Rail,Standard,2140,240.94,4.83,Medium,Rain,46.22
SHP-01956,2025-01-14,North,Air,Express,569,144.22,6.49,High,Clear,15.47
SHP-01957,2025-08-19,West,Rail,Standard,1086,261.47,4.02,Low,Clear,25.5
SHP-01958,2025-03-25,East,Sea,Standard,774,34.0,5.53,Medium,Clear,25.73
SHP-01959,2025-05-10,South,Rail,Standard,2720,373.1,0.61,High,Clear,49.76
SHP-01960,2025-08-19,North,Road,Standard,1037,327.86,7.23,High,Clear,33.44
SHP-01961,2025-11-22,North,Air,Standard,852,478.72,0.71,Low,Rain,11.09
SHP-01962,2025-05-25,East,Road,Express,2632,171.34,9.07,Medium,Rain,58.65
SHP-01963,2025-12-11,North,Road,Standard,2399,382.76,1.85,Medium,Rain,49.61
SHP-01964,2025-01-28,East,Road,Standard,576,739.38,3.37,Low,Clear,21.0
SHP-01965,2025-03-07,North,Road,Standard,1715,191.89,1.81,Medium,Rain,39.76
SHP-01966,2025-06-12,East,Air,Standard,1188,73.45,6.46,Low,Clear,16.14
SHP-01967,2025-08-17,West,Rail,Standard,509,367.03,3.19,Medium,Clear,14.5
SHP-01968,2025-09-18,West,Air,Standard,2929,179.18,2.84,Medium,Rain,24.71
SHP-01969,2025-06-13,West,Rail,Standard,2602,100.92,4.41,Medium,Clear,49.93
SHP-01970,2025-10-28,North,Road,Standard,981,118.81,4.24,Medium,Clear,28.09
SHP-01971,2025-10-30,North,Air,Standard,2036,63.71,2.16,High,Clear,16.86
SHP-01972,2025-10-14,East,Road,Standard,374,101.28,3.67,Low,Storm,23.76
SHP-01973,2025-01-10,South,Road,Standard,628,311.31,3.67,Medium,Clear,22.32
SHP-01974,2025-07-14,South,Rail,Standard,2858,319.38,1.04,Low,Rain,49.8
SHP-01975,2025-04-28,North,Road,Express,2948,128.72,2.87,Medium,Storm,68.07
SHP-01976,2025-09-27,North,Road,Standard,1587,885.47,7.46,Low,Rain,46.56
SHP-01977,2025-03-21,North,Rail,Standard,2599,257.69,4.74,Low,Clear,41.81
SHP-01978,2025-04-03,West,Rail,Standard,2050,297.83,1.82,Medium,Clear,34.25
SHP-01979,2025-09-23,North,Road,Standard,2431,342.61,4.37,Medium,Clear,51.65
SHP-01980,2025-11-28,East,Sea,Express,2381,135.15,5.27,High,Clear,74.68
SHP-01981,2025-12-16,North,Rail,Standard,524,437.0,8.71,Medium,Rain,22.49
SHP-01982,2025-12-27,East,Sea,Standard,1127,56.12,4.06,High,Clear,47.13
SHP-01983,2025-09-14,South,Road,Standard,1531,91.44,5.79,Medium,Storm,44.75
SHP-01984,2025-05-13,West,Rail,Standard,1652,136.15,6.34,Low,Clear,31.76
SHP-01985,2025-10-03,West,Sea,Express,1493,278.81,1.94,Medium,Rain,53.21
SHP-01986,2025-09-21,South,Rail,Standard,681,78.21,1.68,Medium,Clear,18.03
SHP-01987,2025-06-20,West,Air,Standard,752,84.93,1.18,Medium,Clear,10.85
SHP-01988,2025-01-01,West,Road,Standard,2506,595.0,4.54,Medium,Rain,61.62
SHP-01989,2025-11-09,West,Road,Standard,1031,546.12,1.48,Medium,Clear,26.6
SHP-01990,2025-03-05,West,Rail,Express,1377,75.25,1.79,Medium,Clear,30.61
SHP-01991,2025-10-11,North,Road,Standard,2008,125.73,4.96,Low,Clear,43.57
SHP-01992,2025-05-01,East,Sea,Standard,608,229.16,2.59,Low,Clear,31.15
SHP-01993,2025-04-17,North,Road,Standard,271,356.67,5.17,Low,Rain,12.92
SHP-01994,2025-06-24,North,Sea,Standard,1606,168.79,5.76,Low,Storm,62.51
SHP-01995,2025-07-23,West,Sea,Standard,2255,153.16,1.51,High,Clear,73.16
SHP-01996,2025-06-14,South,Road,Standard,397,503.05,2.99,Low,Clear,18.57
SHP-01997,2025-11-01,East,Road,Standard,1232,135.57,5.97,Medium,Rain,34.65
SHP-01998,2025-04-30,West,Sea,Standard,938,190.75,3.4,Medium,Storm,42.81
SHP-01999,2025-02-13,West,Sea,Standard,971,333.45,9.31,Low,Storm,44.07
SHP-02000,2025-11-08,West,Road,Express,1308,343.3,5.22,High,Rain,39.32
